Workbook

Sheet Assumptions
A1: Vesper Culinary Brands — Consolidated Net Revenue Review
A2: Q3 2025 (July 1, 2025 – September 30, 2025)
A3: Sheet: Assumptions | Analysis as of Q3 2025 close (early October 2025)
A5: Item | B5: Value
A6: Q3 period start | B6: 2025-07-01
A7: Q3 period end | B7: 2025-09-30
A8: EUR/USD board close rate | B8: 1.0874
A9: Kiln Spice Works ownership start (modeling date) | B9: 2025-08-12
A10: Kiln ownership days in Q3 (numerator) | B10: 50
A11: Q3 calendar days (denominator) | B11: 92
A12: Kiln proration factor (50/92) | B12: =B10/B11 -> 0.54347826
A13: Selected final Kiln ownership method (board) | B13: 50/92 proration
A14: Supported methods (memo) | B14: 50/92 proration (governing) | Transaction-date cutoff (conditional)
A15: Effective Kiln factor applied to selected board figure | B15: =IF(B13="Transaction-date cutoff",1,B12) -> 0.54347826
A16: Governing FX source | B16: brine_barrel_fx_and_period_reference.txt (1.0874; ignore spot aside 1.1025)
A17: Brine FX rounding convention | B17: Brine EUR revenue is summed in native EUR before conversion to USD; the converted total is rounded to cents. Line-level USD rounding is not used for the consolidated Brine total.
A18: Governing acquisition / 50/92 source | B18: 50/92 ownership/proration method — governed by kiln_spice_acquisition_memo.txt
A19: Reporting period label | B19: 2025-07-01 to 2025-09-30
A20: Acquisition transaction document | B20: Stock purchase agreement (signed 2025-08-06; close 2025-08-12)
A21: As-of date for this exercise | B21: Early October 2025 (historical Q3 2025 close)
A22: Approval evidence in supplied packet (cutoff method) | B22: Approval evidence in supplied packet: not present
A23: Cutoff scenario label | B23: Conditional transaction-date cutoff scenario — approval evidence not present in packet
A24: Modeling basis (Kiln ownership date) | B24: August 12, 2025 — per acquisition memo
A25: Ownership Date Evidence Status | B25: Open - supporting records not provided
A26: Supporting evidence status (ownership date) | B26: Not independently confirmed from Schedule 2.1 or bank wire confirmation; those records are not in the packet.
A27: Post-Close Billing Support | B27: Open follow-up - shipment/service evidence not provided

Sheet Line_Detail
A1: transaction_id | B1: brand | C1: transaction_date | D1: description | E1: amount_native | F1: currency | G1: status | H1: include_status_period | I1: exclusion_reason | J1: eligible_native | K1: kiln_post_close_eligible | L1: usd_if_status_period_included
A2: VC-66208 | B2: Hearth Kitchen Co | C2: 2025-06-28 | D2: June sell-in catch-up | E2: 41000 | F2: USD | G2: posted | H2: =IF(OR(G2="void",G2="cancelled",G2="duplicate",G2="out_of_period"),"no",IF(OR(C2<Assumptions!$B$6,C2>Assumptions!$B$7),"no","yes")) | I2: prior_period | J2: =IF(H2="yes",E2,0) -> 0 | K2: =IF(AND(H2="yes",B2="Kiln Spice Works",C2>=Assumptions!$B$9),E2,0) -> 0 | L2: =IF(H2="yes",E2,0) -> 0
A3: VC-78421 | B3: Hearth Kitchen Co | C3: 2025-07-03 | D3: Retail sell-in - Northeast DSD | E3: 128447.36 | F3: USD | G3: posted | H3: =IF(OR(G3="void",G3="cancelled",G3="duplicate",G3="out_of_period"),"no",IF(OR(C3<Assumptions!$B$6,C3>Assumptions!$B$7),"no","yes")) | J3: =IF(H3="yes",E3,0) -> 128447.36 | K3: =IF(AND(H3="yes",B3="Kiln Spice Works",C3>=Assumptions!$B$9),E3,0) -> 0 | L3: =IF(H3="yes",E3,0) -> 128447.36
A4: VC-55102 | B4: Brine & Barrel EU | C4: 2025-07-08 | D4: DE grocery sell-in - Q3 wave 1 | E4: 118622.47 | F4: EUR | G4: posted | H4: =IF(OR(G4="void",G4="cancelled",G4="duplicate",G4="out_of_period"),"no",IF(OR(C4<Assumptions!$B$6,C4>Assumptions!$B$7),"no","yes")) | J4: =IF(H4="yes",E4,0) -> 118622.47 | K4: =IF(AND(H4="yes",B4="Kiln Spice Works",C4>=Assumptions!$B$9),E4,0) -> 0 | L4: =IF(H4="yes",ROUND(E4*Assumptions!$B$8,2),0) -> 128990.07
A5: KS-33408 | B5: Kiln Spice Works | C5: 2025-07-09 | D5: Club channel sell-in - Midwest | E5: 88412.33 | F5: USD | G5: posted | H5: =IF(OR(G5="void",G5="cancelled",G5="duplicate",G5="out_of_period"),"no",IF(OR(C5<Assumptions!$B$6,C5>Assumptions!$B$7),"no","yes")) | J5: =IF(H5="yes",E5,0) -> 88412.33 | K5: =IF(AND(H5="yes",B5="Kiln Spice Works",C5>=Assumptions!$B$9),E5,0) -> 0 | L5: =IF(H5="yes",E5,0) -> 88412.33
A6: VC-79104 | B6: Hearth Kitchen Co | C6: 2025-07-11 | D6: Club channel slotting fee recovery | E6: 38412.88 | F6: USD | G6: posted | H6: =IF(OR(G6="void",G6="cancelled",G6="duplicate",G6="out_of_period"),"no",IF(OR(C6<Assumptions!$B$6,C6>Assumptions!$B$7),"no","yes")) | J6: =IF(H6="yes",E6,0) -> 38412.88 | K6: =IF(AND(H6="yes",B6="Kiln Spice Works",C6>=Assumptions!$B$9),E6,0) -> 0 | L6: =IF(H6="yes",E6,0) -> 38412.88
A7: VC-55840 | B7: Brine & Barrel EU | C7: 2025-07-18 | D7: NL foodservice distributor draw | E7: 64218.93 | F7: EUR | G7: posted | H7: =IF(OR(G7="void",G7="cancelled",G7="duplicate",G7="out_of_period"),"no",IF(OR(C7<Assumptions!$B$6,C7>Assumptions!$B$7),"no","yes")) | J7: =IF(H7="yes",E7,0) -> 64218.93 | K7: =IF(AND(H7="yes",B7="Kiln Spice Works",C7>=Assumptions!$B$9),E7,0) -> 0 | L7: =IF(H7="yes",ROUND(E7*Assumptions!$B$8,2),0) -> 69831.66
A8: VC-80233 | B8: Hearth Kitchen Co | C8: 2025-07-22 | D8: Foodservice distributor rebate true-up | E8: 22109.54 | F8: USD | G8: posted | H8: =IF(OR(G8="void",G8="cancelled",G8="duplicate",G8="out_of_period"),"no",IF(OR(C8<Assumptions!$B$6,C8>Assumptions!$B$7),"no","yes")) | J8: =IF(H8="yes",E8,0) -> 22109.54 | K8: =IF(AND(H8="yes",B8="Kiln Spice Works",C8>=Assumptions!$B$9),E8,0) -> 0 | L8: =IF(H8="yes",E8,0) -> 22109.54
A9: KS-34155 | B9: Kiln Spice Works | C9: 2025-07-23 | D9: Foodservice distributor draw | E9: 51207.18 | F9: USD | G9: posted | H9: =IF(OR(G9="void",G9="cancelled",G9="duplicate",G9="out_of_period"),"no",IF(OR(C9<Assumptions!$B$6,C9>Assumptions!$B$7),"no","yes")) | J9: =IF(H9="yes",E9,0) -> 51207.18 | K9: =IF(AND(H9="yes",B9="Kiln Spice Works",C9>=Assumptions!$B$9),E9,0) -> 0 | L9: =IF(H9="yes",E9,0) -> 51207.18
A10: VC-56411 | B10: Brine & Barrel EU | C10: 2025-07-29 | D10: FR specialty retail booking | E10: 89104.55 | F10: EUR | G10: posted | H10: =IF(OR(G10="void",G10="cancelled",G10="duplicate",G10="out_of_period"),"no",IF(OR(C10<Assumptions!$B$6,C10>Assumptions!$B$7),"no","yes")) | J10: =IF(H10="yes",E10,0) -> 89104.55 | K10: =IF(AND(H10="yes",B10="Kiln Spice Works",C10>=Assumptions!$B$9),E10,0) -> 0 | L10: =IF(H10="yes",ROUND(E10*Assumptions!$B$8,2),0) -> 96892.29
A11: KS-34802 | B11: Kiln Spice Works | C11: 2025-08-04 | D11: Private label trial shipment | E11: 37664.9 | F11: USD | G11: posted | H11: =IF(OR(G11="void",G11="cancelled",G11="duplicate",G11="out_of_period"),"no",IF(OR(C11<Assumptions!$B$6,C11>Assumptions!$B$7),"no","yes")) | J11: =IF(H11="yes",E11,0) -> 37664.9 | K11: =IF(AND(H11="yes",B11="Kiln Spice Works",C11>=Assumptions!$B$9),E11,0) -> 0 | L11: =IF(H11="yes",E11,0) -> 37664.9
A12: VC-81055 | B12: Hearth Kitchen Co | C12: 2025-08-05 | D12: Private label co-pack milestone | E12: 97533.17 | F12: USD | G12: posted | H12: =IF(OR(G12="void",G12="cancelled",G12="duplicate",G12="out_of_period"),"no",IF(OR(C12<Assumptions!$B$6,C12>Assumptions!$B$7),"no","yes")) | J12: =IF(H12="yes",E12,0) -> 97533.17 | K12: =IF(AND(H12="yes",B12="Kiln Spice Works",C12>=Assumptions!$B$9),E12,0) -> 0 | L12: =IF(H12="yes",E12,0) -> 97533.17
A13: VC-81091 | B13: Hearth Kitchen Co | C13: 2025-08-05 | D13: Private label co-pack milestone | E13: 97533.17 | F13: USD | G13: duplicate | H13: =IF(OR(G13="void",G13="cancelled",G13="duplicate",G13="out_of_period"),"no",IF(OR(C13<Assumptions!$B$6,C13>Assumptions!$B$7),"no","yes")) | I13: status_duplicate | J13: =IF(H13="yes",E13,0) -> 0 | K13: =IF(AND(H13="yes",B13="Kiln Spice Works",C13>=Assumptions!$B$9),E13,0) -> 0 | L13: =IF(H13="yes",E13,0) -> 0
A14: VC-57188 | B14: Brine & Barrel EU | C14: 2025-08-09 | D14: BE club trial shipment | E14: 45781.26 | F14: EUR | G14: posted | H14: =IF(OR(G14="void",G14="cancelled",G14="duplicate",G14="out_of_period"),"no",IF(OR(C14<Assumptions!$B$6,C14>Assumptions!$B$7),"no","yes")) | J14: =IF(H14="yes",E14,0) -> 45781.26 | K14: =IF(AND(H14="yes",B14="Kiln Spice Works",C14>=Assumptions!$B$9),E14,0) -> 0 | L14: =IF(H14="yes",ROUND(E14*Assumptions!$B$8,2),0) -> 49782.54
A15: KS-35220 | B15: Kiln Spice Works | C15: 2025-08-11 | D15: Retail sell-in - early August | E15: 22918.45 | F15: USD | G15: posted | H15: =IF(OR(G15="void",G15="cancelled",G15="duplicate",G15="out_of_period"),"no",IF(OR(C15<Assumptions!$B$6,C15>Assumptions!$B$7),"no","yes")) | J15: =IF(H15="yes",E15,0) -> 22918.45 | K15: =IF(AND(H15="yes",B15="Kiln Spice Works",C15>=Assumptions!$B$9),E15,0) -> 0 | L15: =IF(H15="yes",E15,0) -> 22918.45
A16: KS-36001 | B16: Kiln Spice Works | C16: 2025-08-12 | D16: Close-day retail sell-in | E16: 67428.56 | F16: USD | G16: posted | H16: =IF(OR(G16="void",G16="cancelled",G16="duplicate",G16="out_of_period"),"no",IF(OR(C16<Assumptions!$B$6,C16>Assumptions!$B$7),"no","yes")) | J16: =IF(H16="yes",E16,0) -> 67428.56 | K16: =IF(AND(H16="yes",B16="Kiln Spice Works",C16>=Assumptions!$B$9),E16,0) -> 67428.56 | L16: =IF(H16="yes",E16,0) -> 67428.56
A17: VC-82107 | B17: Hearth Kitchen Co | C17: 2025-08-14 | D17: E-commerce marketplace settlement | E17: 61208.43 | F17: USD | G17: posted | H17: =IF(OR(G17="void",G17="cancelled",G17="duplicate",G17="out_of_period"),"no",IF(OR(C17<Assumptions!$B$6,C17>Assumptions!$B$7),"no","yes")) | J17: =IF(H17="yes",E17,0) -> 61208.43 | K17: =IF(AND(H17="yes",B17="Kiln Spice Works",C17>=Assumptions!$B$9),E17,0) -> 0 | L17: =IF(H17="yes",E17,0) -> 61208.43
A18: KS-36544 | B18: Kiln Spice Works | C18: 2025-08-19 | D18: Club pack first post-close order | E18: 95817.22 | F18: USD | G18: posted | H18: =IF(OR(G18="void",G18="cancelled",G18="duplicate",G18="out_of_period"),"no",IF(OR(C18<Assumptions!$B$6,C18>Assumptions!$B$7),"no","yes")) | J18: =IF(H18="yes",E18,0) -> 95817.22 | K18: =IF(AND(H18="yes",B18="Kiln Spice Works",C18>=Assumptions!$B$9),E18,0) -> 95817.22 | L18: =IF(H18="yes",E18,0) -> 95817.22
A19: VC-58204 | B19: Brine & Barrel EU | C19: 2025-08-21 | D19: EU trade promo clawback | E19: -6233.48 | F19: EUR | G19: void | H19: =IF(OR(G19="void",G19="cancelled",G19="duplicate",G19="out_of_period"),"no",IF(OR(C19<Assumptions!$B$6,C19>Assumptions!$B$7),"no","yes")) | I19: status_void | J19: =IF(H19="yes",E19,0) -> 0 | K19: =IF(AND(H19="yes",B19="Kiln Spice Works",C19>=Assumptions!$B$9),E19,0) -> 0 | L19: =IF(H19="yes",ROUND(E19*Assumptions!$B$8,2),0) -> 0
A20: VC-82591 | B20: Hearth Kitchen Co | C20: 2025-08-27 | D20: Seasonal SKU promo accrual reverse | E20: -8416.22 | F20: USD | G20: void | H20: =IF(OR(G20="void",G20="cancelled",G20="duplicate",G20="out_of_period"),"no",IF(OR(C20<Assumptions!$B$6,C20>Assumptions!$B$7),"no","yes")) | I20: status_void | J20: =IF(H20="yes",E20,0) -> 0 | K20: =IF(AND(H20="yes",B20="Kiln Spice Works",C20>=Assumptions!$B$9),E20,0) -> 0 | L20: =IF(H20="yes",E20,0) -> 0
A21: KS-37102 | B21: Kiln Spice Works | C21: 2025-08-28 | D21: Spice blend co-pack milestone | E21: 81244.67 | F21: USD | G21: posted | H21: =IF(OR(G21="void",G21="cancelled",G21="duplicate",G21="out_of_period"),"no",IF(OR(C21<Assumptions!$B$6,C21>Assumptions!$B$7),"no","yes")) | J21: =IF(H21="yes",E21,0) -> 81244.67 | K21: =IF(AND(H21="yes",B21="Kiln Spice Works",C21>=Assumptions!$B$9),E21,0) -> 81244.67 | L21: =IF(H21="yes",E21,0) -> 81244.67
A22: VC-59033 | B22: Brine & Barrel EU | C22: 2025-09-02 | D22: DE reorder - autumn assortment | E22: 102447.18 | F22: EUR | G22: posted | H22: =IF(OR(G22="void",G22="cancelled",G22="duplicate",G22="out_of_period"),"no",IF(OR(C22<Assumptions!$B$6,C22>Assumptions!$B$7),"no","yes")) | J22: =IF(H22="yes",E22,0) -> 102447.18 | K22: =IF(AND(H22="yes",B22="Kiln Spice Works",C22>=Assumptions!$B$9),E22,0) -> 0 | L22: =IF(H22="yes",ROUND(E22*Assumptions!$B$8,2),0) -> 111401.06
A23: VC-83340 | B23: Hearth Kitchen Co | C23: 2025-09-04 | D23: Grocery chain scan-down billback | E23: 44917.65 | F23: USD | G23: posted | H23: =IF(OR(G23="void",G23="cancelled",G23="duplicate",G23="out_of_period"),"no",IF(OR(C23<Assumptions!$B$6,C23>Assumptions!$B$7),"no","yes")) | J23: =IF(H23="yes",E23,0) -> 44917.65 | K23: =IF(AND(H23="yes",B23="Kiln Spice Works",C23>=Assumptions!$B$9),E23,0) -> 0 | L23: =IF(H23="yes",E23,0) -> 44917.65
A24: KS-37888 | B24: Kiln Spice Works | C24: 2025-09-05 | D24: Grocery scan-down recovery | E24: 44109.38 | F24: USD | G24: posted | H24: =IF(OR(G24="void",G24="cancelled",G24="duplicate",G24="out_of_period"),"no",IF(OR(C24<Assumptions!$B$6,C24>Assumptions!$B$7),"no","yes")) | J24: =IF(H24="yes",E24,0) -> 44109.38 | K24: =IF(AND(H24="yes",B24="Kiln Spice Works",C24>=Assumptions!$B$9),E24,0) -> 44109.38 | L24: =IF(H24="yes",E24,0) -> 44109.38
A25: VC-59710 | B25: Brine & Barrel EU | C25: 2025-09-11 | D25: UK broker settlement (EUR billed) | E25: 73819.64 | F25: EUR | G25: posted | H25: =IF(OR(G25="void",G25="cancelled",G25="duplicate",G25="out_of_period"),"no",IF(OR(C25<Assumptions!$B$6,C25>Assumptions!$B$7),"no","yes")) | J25: =IF(H25="yes",E25,0) -> 73819.64 | K25: =IF(AND(H25="yes",B25="Kiln Spice Works",C25>=Assumptions!$B$9),E25,0) -> 0 | L25: =IF(H25="yes",ROUND(E25*Assumptions!$B$8,2),0) -> 80271.48
A26: VC-84012 | B26: Hearth Kitchen Co | C26: 2025-09-12 | D26: Club pack extension order | E26: 88344.91 | F26: USD | G26: posted | H26: =IF(OR(G26="void",G26="cancelled",G26="duplicate",G26="out_of_period"),"no",IF(OR(C26<Assumptions!$B$6,C26>Assumptions!$B$7),"no","yes")) | J26: =IF(H26="yes",E26,0) -> 88344.91 | K26: =IF(AND(H26="yes",B26="Kiln Spice Works",C26>=Assumptions!$B$9),E26,0) -> 0 | L26: =IF(H26="yes",E26,0) -> 88344.91
A27: KS-38401 | B27: Kiln Spice Works | C27: 2025-09-15 | D27: Voided duplicate broker fee | E27: -3900 | F27: USD | G27: void | H27: =IF(OR(G27="void",G27="cancelled",G27="duplicate",G27="out_of_period"),"no",IF(OR(C27<Assumptions!$B$6,C27>Assumptions!$B$7),"no","yes")) | I27: status_void | J27: =IF(H27="yes",E27,0) -> 0 | K27: =IF(AND(H27="yes",B27="Kiln Spice Works",C27>=Assumptions!$B$9),E27,0) -> 0 | L27: =IF(H27="yes",E27,0) -> 0
A28: VC-60144 | B28: Brine & Barrel EU | C28: 2025-09-18 | D28: Cancelled sample program invoice | E28: 12800 | F28: EUR | G28: cancelled | H28: =IF(OR(G28="void",G28="cancelled",G28="duplicate",G28="out_of_period"),"no",IF(OR(C28<Assumptions!$B$6,C28>Assumptions!$B$7),"no","yes")) | I28: status_cancelled | J28: =IF(H28="yes",E28,0) -> 0 | K28: =IF(AND(H28="yes",B28="Kiln Spice Works",C28>=Assumptions!$B$9),E28,0) -> 0 | L28: =IF(H28="yes",ROUND(E28*Assumptions!$B$8,2),0) -> 0
A29: VC-84108 | B29: Hearth Kitchen Co | C29: 2025-09-19 | D29: Quarter close stub - zeroed | E29: 0 | F29: USD | G29: cancelled | H29: =IF(OR(G29="void",G29="cancelled",G29="duplicate",G29="out_of_period"),"no",IF(OR(C29<Assumptions!$B$6,C29>Assumptions!$B$7),"no","yes")) | I29: status_cancelled | J29: =IF(H29="yes",E29,0) -> 0 | K29: =IF(AND(H29="yes",B29="Kiln Spice Works",C29>=Assumptions!$B$9),E29,0) -> 0 | L29: =IF(H29="yes",E29,0) -> 0
A30: KS-39055 | B30: Kiln Spice Works | C30: 2025-09-22 | D30: Foodservice September draw | E30: 70355.14 | F30: USD | G30: posted | H30: =IF(OR(G30="void",G30="cancelled",G30="duplicate",G30="out_of_period"),"no",IF(OR(C30<Assumptions!$B$6,C30>Assumptions!$B$7),"no","yes")) | J30: =IF(H30="yes",E30,0) -> 70355.14 | K30: =IF(AND(H30="yes",B30="Kiln Spice Works",C30>=Assumptions!$B$9),E30,0) -> 70355.14 | L30: =IF(H30="yes",E30,0) -> 70355.14
A31: VC-60882 | B31: Brine & Barrel EU | C31: 2025-09-24 | D31: Nordics distributor true-up | E31: 56933.71 | F31: EUR | G31: posted | H31: =IF(OR(G31="void",G31="cancelled",G31="duplicate",G31="out_of_period"),"no",IF(OR(C31<Assumptions!$B$6,C31>Assumptions!$B$7),"no","yes")) | J31: =IF(H31="yes",E31,0) -> 56933.71 | K31: =IF(AND(H31="yes",B31="Kiln Spice Works",C31>=Assumptions!$B$9),E31,0) -> 0 | L31: =IF(H31="yes",ROUND(E31*Assumptions!$B$8,2),0) -> 61909.72
A32: VC-84776 | B32: Hearth Kitchen Co | C32: 2025-09-26 | D32: Export broker commission offset | E32: 31782.09 | F32: USD | G32: posted | H32: =IF(OR(G32="void",G32="cancelled",G32="duplicate",G32="out_of_period"),"no",IF(OR(C32<Assumptions!$B$6,C32>Assumptions!$B$7),"no","yes")) | J32: =IF(H32="yes",E32,0) -> 31782.09 | K32: =IF(AND(H32="yes",B32="Kiln Spice Works",C32>=Assumptions!$B$9),E32,0) -> 0 | L32: =IF(H32="yes",E32,0) -> 31782.09
A33: KS-39510 | B33: Kiln Spice Works | C33: 2025-09-27 | D33: E-comm marketplace settlement | E33: 38912.8 | F33: USD | G33: posted | H33: =IF(OR(G33="void",G33="cancelled",G33="duplicate",G33="out_of_period"),"no",IF(OR(C33<Assumptions!$B$6,C33>Assumptions!$B$7),"no","yes")) | J33: =IF(H33="yes",E33,0) -> 38912.8 | K33: =IF(AND(H33="yes",B33="Kiln Spice Works",C33>=Assumptions!$B$9),E33,0) -> 38912.8 | L33: =IF(H33="yes",E33,0) -> 38912.8
A34: VC-61205 | B34: Brine & Barrel EU | C34: 2025-09-28 | D34: Close-week EU DSD residual | E34: 41408.82 | F34: EUR | G34: posted | H34: =IF(OR(G34="void",G34="cancelled",G34="duplicate",G34="out_of_period"),"no",IF(OR(C34<Assumptions!$B$6,C34>Assumptions!$B$7),"no","yes")) | J34: =IF(H34="yes",E34,0) -> 41408.82 | K34: =IF(AND(H34="yes",B34="Kiln Spice Works",C34>=Assumptions!$B$9),E34,0) -> 0 | L34: =IF(H34="yes",ROUND(E34*Assumptions!$B$8,2),0) -> 45027.95
A35: KS-39788 | B35: Kiln Spice Works | C35: 2025-09-29 | D35: Cancelled inventory transfer bill | E35: 15000 | F35: USD | G35: cancelled | H35: =IF(OR(G35="void",G35="cancelled",G35="duplicate",G35="out_of_period"),"no",IF(OR(C35<Assumptions!$B$6,C35>Assumptions!$B$7),"no","yes")) | I35: status_cancelled | J35: =IF(H35="yes",E35,0) -> 0 | K35: =IF(AND(H35="yes",B35="Kiln Spice Works",C35>=Assumptions!$B$9),E35,0) -> 0 | L35: =IF(H35="yes",E35,0) -> 0
A36: VC-84991 | B36: Hearth Kitchen Co | C36: 2025-09-29 | D36: Late September DSD catch-up | E36: 52961.78 | F36: USD | G36: posted | H36: =IF(OR(G36="void",G36="cancelled",G36="duplicate",G36="out_of_period"),"no",IF(OR(C36<Assumptions!$B$6,C36>Assumptions!$B$7),"no","yes")) | J36: =IF(H36="yes",E36,0) -> 52961.78 | K36: =IF(AND(H36="yes",B36="Kiln Spice Works",C36>=Assumptions!$B$9),E36,0) -> 0 | L36: =IF(H36="yes",E36,0) -> 52961.78
A37: KS-39902 | B37: Kiln Spice Works | C37: 2025-09-30 | D37: Quarter-end residual sell-in | E37: 26741.93 | F37: USD | G37: posted | H37: =IF(OR(G37="void",G37="cancelled",G37="duplicate",G37="out_of_period"),"no",IF(OR(C37<Assumptions!$B$6,C37>Assumptions!$B$7),"no","yes")) | J37: =IF(H37="yes",E37,0) -> 26741.93 | K37: =IF(AND(H37="yes",B37="Kiln Spice Works",C37>=Assumptions!$B$9),E37,0) -> 26741.93 | L37: =IF(H37="yes",E37,0) -> 26741.93
A38: VC-62091 | B38: Brine & Barrel EU | C38: 2025-10-03 | D38: October prebill - EU clubs | E38: 22000 | F38: EUR | G38: out_of_period | H38: =IF(OR(G38="void",G38="cancelled",G38="duplicate",G38="out_of_period"),"no",IF(OR(C38<Assumptions!$B$6,C38>Assumptions!$B$7),"no","yes")) | I38: status_out_of_period | J38: =IF(H38="yes",E38,0) -> 0 | K38: =IF(AND(H38="yes",B38="Kiln Spice Works",C38>=Assumptions!$B$9),E38,0) -> 0 | L38: =IF(H38="yes",ROUND(E38*Assumptions!$B$8,2),0) -> 0

Sheet Brand_Rollup
A1: Vesper Culinary Brands — Consolidated Net Revenue Review
A2: Q3 2025 (July 1, 2025 – September 30, 2025)
A3: Sheet: Brand_Rollup | Analysis as of Q3 2025 close (early October 2025)
A5: Brand | B5: Native gross (method-aware) | C5: Currency | D5: FX / ownership factor | E5: Consolidated USD (selected final method)
A6: Hearth Kitchen Co | B6: =SUMIF(Line_Detail!$B$2:$B$38,A6,Line_Detail!$J$2:$J$38) -> 565717.81 | C6: USD | D6: 1 | E6: =ROUND(B6*D6,2) -> 565717.81
A7: Brine & Barrel EU | B7: =Reconciliation!D12 -> 592336.56 | C7: EUR | D7: =Assumptions!B8 -> 1.0874 | E7: =Reconciliation!F12 -> 644106.78
A8: Kiln Spice Works | B8: =IF(Assumptions!$B$13="Transaction-date cutoff",SUMIF(Line_Detail!$B$2:$B$38,A8,Line_Detail!$K$2:$K$38),Reconciliation!D13) -> 624812.56 | C8: USD | D8: =Assumptions!$B$15 -> 0.54347826 | E8: =ROUND(B8*D8,2) -> 339572.04
A10: Total consolidated Q3 2025 (selected final method) | E10: =ROUND(SUM(E6:E8),2) -> 1549396.6
A12: Selected final Kiln ownership method | B12: =Assumptions!B13 -> 50/92 proration
A13: Approval evidence in supplied packet | B13: =Assumptions!B22 -> Approval evidence in supplied packet: not present
A14: Modeling basis (Kiln ownership date) | B14: =Assumptions!B24 -> August 12, 2025 — per acquisition memo
A15: Ownership Date Evidence Status | B15: =Assumptions!B25 -> Open - supporting records not provided
A16: Post-Close Billing Support | B16: =Assumptions!B27 -> Open follow-up - shipment/service evidence not provided
A18: Case comparison (Case 1 = selected board method; Case 2 = conditional only)
A19: Metric | B19: Case 1: 50/92 proration (selected final) | C19: Case 2: Conditional cutoff (not evidenced)
A20: Hearth Kitchen Co USD | B20: =E6 -> 565717.81 | C20: =E6 -> 565717.81
A21: Brine & Barrel EU USD | B21: =E7 -> 644106.78 | C21: =E7 -> 644106.78
A22: Kiln Spice Works USD | B22: =ROUND(SUMIF(Line_Detail!$B$2:$B$38,"Kiln Spice Works",Line_Detail!$J$2:$J$38)*Assumptions!$B$12,2) -> 339572.04 | C22: =ROUND(SUMIF(Line_Detail!$B$2:$B$38,"Kiln Spice Works",Line_Detail!$K$2:$K$38),2) -> 424609.7
A23: Total consolidated Q3 2025 USD | B23: =ROUND(B20+B21+B22,2) -> 1549396.6 | C23: =ROUND(C20+C21+C22,2) -> 1634434.3
A24: Case 2 reporting label | C24: =Assumptions!B23 -> Conditional transaction-date cutoff scenario — approval evidence not present in packet
A26: Method note | B26: Selected final board figure uses 50/92 proration governed by kiln_spice_acquisition_memo.txt. Case 2 recalculates the transaction-date cutoff from Line_Detail kiln_post_close_eligible and is labeled a Conditional transaction-date cutoff scenario because approval evidence is not present in the supplied packet. Ownership-date support (Schedule 2.1 / bank wire) and post-close billing shipment/service support remain open follow-ups. Do not mix methods. See Kiln_Audit for every Kiln row.
A27: Brine FX note | B27: Governing Brine USD uses sum-then-round (native EUR sum × 1.0874, rounded to cents). Line-by-line convert-then-round control equals $644,106.77 and is not used for the consolidated Brine total.

Sheet Kiln_Audit
A1: transaction_id | B1: transaction_date | C1: amount_native | D1: status | E1: status_period_include | F1: pre_or_post_close | G1: cutoff_include | H1: cutoff_exclude_reason | I1: amount_to_cutoff_revenue | J1: amount_to_full_quarter_eligible | K1: Line_Detail_row
A2: =Line_Detail!A5 -> KS-33408 | B2: =Line_Detail!C5 -> 2025-07-09 | C2: =Line_Detail!E5 -> 88412.33 | D2: =Line_Detail!G5 -> posted | E2: =Line_Detail!H5 -> yes | F2: =IF(B2<Assumptions!$B$9,"pre-close","post-close") -> pre-close | G2: =IF(AND(E2="yes",F2="post-close"),"included","excluded") -> excluded | H2: =IF(G2="included","",IF(E2<>"yes",IF(Line_Detail!I5<>"",Line_Detail!I5,"status_or_period"),"pre-close_ownership")) | I2: =Line_Detail!K5 -> 0 | J2: =Line_Detail!J5 -> 88412.33 | K2: 5
A3: =Line_Detail!A9 -> KS-34155 | B3: =Line_Detail!C9 -> 2025-07-23 | C3: =Line_Detail!E9 -> 51207.18 | D3: =Line_Detail!G9 -> posted | E3: =Line_Detail!H9 -> yes | F3: =IF(B3<Assumptions!$B$9,"pre-close","post-close") -> pre-close | G3: =IF(AND(E3="yes",F3="post-close"),"included","excluded") -> excluded | H3: =IF(G3="included","",IF(E3<>"yes",IF(Line_Detail!I9<>"",Line_Detail!I9,"status_or_period"),"pre-close_ownership")) | I3: =Line_Detail!K9 -> 0 | J3: =Line_Detail!J9 -> 51207.18 | K3: 9
A4: =Line_Detail!A11 -> KS-34802 | B4: =Line_Detail!C11 -> 2025-08-04 | C4: =Line_Detail!E11 -> 37664.9 | D4: =Line_Detail!G11 -> posted | E4: =Line_Detail!H11 -> yes | F4: =IF(B4<Assumptions!$B$9,"pre-close","post-close") -> pre-close | G4: =IF(AND(E4="yes",F4="post-close"),"included","excluded") -> excluded | H4: =IF(G4="included","",IF(E4<>"yes",IF(Line_Detail!I11<>"",Line_Detail!I11,"status_or_period"),"pre-close_ownership")) | I4: =Line_Detail!K11 -> 0 | J4: =Line_Detail!J11 -> 37664.9 | K4: 11
A5: =Line_Detail!A15 -> KS-35220 | B5: =Line_Detail!C15 -> 2025-08-11 | C5: =Line_Detail!E15 -> 22918.45 | D5: =Line_Detail!G15 -> posted | E5: =Line_Detail!H15 -> yes | F5: =IF(B5<Assumptions!$B$9,"pre-close","post-close") -> pre-close | G5: =IF(AND(E5="yes",F5="post-close"),"included","excluded") -> excluded | H5: =IF(G5="included","",IF(E5<>"yes",IF(Line_Detail!I15<>"",Line_Detail!I15,"status_or_period"),"pre-close_ownership")) | I5: =Line_Detail!K15 -> 0 | J5: =Line_Detail!J15 -> 22918.45 | K5: 15
A6: =Line_Detail!A16 -> KS-36001 | B6: =Line_Detail!C16 -> 2025-08-12 | C6: =Line_Detail!E16 -> 67428.56 | D6: =Line_Detail!G16 -> posted | E6: =Line_Detail!H16 -> yes | F6: =IF(B6<Assumptions!$B$9,"pre-close","post-close") -> post-close | G6: =IF(AND(E6="yes",F6="post-close"),"included","excluded") -> included | H6: =IF(G6="included","",IF(E6<>"yes",IF(Line_Detail!I16<>"",Line_Detail!I16,"status_or_period"),"pre-close_ownership")) | I6: =Line_Detail!K16 -> 67428.56 | J6: =Line_Detail!J16 -> 67428.56 | K6: 16
A7: =Line_Detail!A18 -> KS-36544 | B7: =Line_Detail!C18 -> 2025-08-19 | C7: =Line_Detail!E18 -> 95817.22 | D7: =Line_Detail!G18 -> posted | E7: =Line_Detail!H18 -> yes | F7: =IF(B7<Assumptions!$B$9,"pre-close","post-close") -> post-close | G7: =IF(AND(E7="yes",F7="post-close"),"included","excluded") -> included | H7: =IF(G7="included","",IF(E7<>"yes",IF(Line_Detail!I18<>"",Line_Detail!I18,"status_or_period"),"pre-close_ownership")) | I7: =Line_Detail!K18 -> 95817.22 | J7: =Line_Detail!J18 -> 95817.22 | K7: 18
A8: =Line_Detail!A21 -> KS-37102 | B8: =Line_Detail!C21 -> 2025-08-28 | C8: =Line_Detail!E21 -> 81244.67 | D8: =Line_Detail!G21 -> posted | E8: =Line_Detail!H21 -> yes | F8: =IF(B8<Assumptions!$B$9,"pre-close","post-close") -> post-close | G8: =IF(AND(E8="yes",F8="post-close"),"included","excluded") -> included | H8: =IF(G8="included","",IF(E8<>"yes",IF(Line_Detail!I21<>"",Line_Detail!I21,"status_or_period"),"pre-close_ownership")) | I8: =Line_Detail!K21 -> 81244.67 | J8: =Line_Detail!J21 -> 81244.67 | K8: 21
A9: =Line_Detail!A24 -> KS-37888 | B9: =Line_Detail!C24 -> 2025-09-05 | C9: =Line_Detail!E24 -> 44109.38 | D9: =Line_Detail!G24 -> posted | E9: =Line_Detail!H24 -> yes | F9: =IF(B9<Assumptions!$B$9,"pre-close","post-close") -> post-close | G9: =IF(AND(E9="yes",F9="post-close"),"included","excluded") -> included | H9: =IF(G9="included","",IF(E9<>"yes",IF(Line_Detail!I24<>"",Line_Detail!I24,"status_or_period"),"pre-close_ownership")) | I9: =Line_Detail!K24 -> 44109.38 | J9: =Line_Detail!J24 -> 44109.38 | K9: 24
A10: =Line_Detail!A27 -> KS-38401 | B10: =Line_Detail!C27 -> 2025-09-15 | C10: =Line_Detail!E27 -> -3900 | D10: =Line_Detail!G27 -> void | E10: =Line_Detail!H27 -> no | F10: =IF(B10<Assumptions!$B$9,"pre-close","post-close") -> post-close | G10: =IF(AND(E10="yes",F10="post-close"),"included","excluded") -> excluded | H10: =IF(G10="included","",IF(E10<>"yes",IF(Line_Detail!I27<>"",Line_Detail!I27,"status_or_period"),"pre-close_ownership")) | I10: =Line_Detail!K27 -> 0 | J10: =Line_Detail!J27 -> 0 | K10: 27
A11: =Line_Detail!A30 -> KS-39055 | B11: =Line_Detail!C30 -> 2025-09-22 | C11: =Line_Detail!E30 -> 70355.14 | D11: =Line_Detail!G30 -> posted | E11: =Line_Detail!H30 -> yes | F11: =IF(B11<Assumptions!$B$9,"pre-close","post-close") -> post-close | G11: =IF(AND(E11="yes",F11="post-close"),"included","excluded") -> included | H11: =IF(G11="included","",IF(E11<>"yes",IF(Line_Detail!I30<>"",Line_Detail!I30,"status_or_period"),"pre-close_ownership")) | I11: =Line_Detail!K30 -> 70355.14 | J11: =Line_Detail!J30 -> 70355.14 | K11: 30
A12: =Line_Detail!A33 -> KS-39510 | B12: =Line_Detail!C33 -> 2025-09-27 | C12: =Line_Detail!E33 -> 38912.8 | D12: =Line_Detail!G33 -> posted | E12: =Line_Detail!H33 -> yes | F12: =IF(B12<Assumptions!$B$9,"pre-close","post-close") -> post-close | G12: =IF(AND(E12="yes",F12="post-close"),"included","excluded") -> included | H12: =IF(G12="included","",IF(E12<>"yes",IF(Line_Detail!I33<>"",Line_Detail!I33,"status_or_period"),"pre-close_ownership")) | I12: =Line_Detail!K33 -> 38912.8 | J12: =Line_Detail!J33 -> 38912.8 | K12: 33
A13: =Line_Detail!A35 -> KS-39788 | B13: =Line_Detail!C35 -> 2025-09-29 | C13: =Line_Detail!E35 -> 15000 | D13: =Line_Detail!G35 -> cancelled | E13: =Line_Detail!H35 -> no | F13: =IF(B13<Assumptions!$B$9,"pre-close","post-close") -> post-close | G13: =IF(AND(E13="yes",F13="post-close"),"included","excluded") -> excluded | H13: =IF(G13="included","",IF(E13<>"yes",IF(Line_Detail!I35<>"",Line_Detail!I35,"status_or_period"),"pre-close_ownership")) | I13: =Line_Detail!K35 -> 0 | J13: =Line_Detail!J35 -> 0 | K13: 35
A14: =Line_Detail!A37 -> KS-39902 | B14: =Line_Detail!C37 -> 2025-09-30 | C14: =Line_Detail!E37 -> 26741.93 | D14: =Line_Detail!G37 -> posted | E14: =Line_Detail!H37 -> yes | F14: =IF(B14<Assumptions!$B$9,"pre-close","post-close") -> post-close | G14: =IF(AND(E14="yes",F14="post-close"),"included","excluded") -> included | H14: =IF(G14="included","",IF(E14<>"yes",IF(Line_Detail!I37<>"",Line_Detail!I37,"status_or_period"),"pre-close_ownership")) | I14: =Line_Detail!K37 -> 26741.93 | J14: =Line_Detail!J37 -> 26741.93 | K14: 37
A15: Kiln method totals (formula sums) | I15: =SUM(I2:I14) -> 424609.7 | J15: =SUM(J2:J14) -> 624812.56
A17: Cutoff Kiln USD (Case 2 — conditional) | B17: =I15 -> 424609.7
A18: Full-quarter Kiln eligible USD (pre-proration) | B18: =J15 -> 624812.56
A19: 50/92 Kiln USD (Case 1 — selected final) | B19: =ROUND(J15*Assumptions!$B$12,2) -> 339572.04
A20: Governing close date (modeling) | B20: =Assumptions!$B$9 -> 2025-08-12
A21: Rule | B21: 50/92 ownership/proration method — governed by kiln_spice_acquisition_memo.txt (selected final). Transaction-date cutoff may be calculated as a Conditional transaction-date cutoff scenario only; approval evidence is not present in the supplied packet. Ownership-date and post-close billing support remain open follow-ups. Do not mix methods.
A22: Approval evidence in supplied packet | B22: =Assumptions!B22 -> Approval evidence in supplied packet: not present
A23: Modeling basis (Kiln ownership date) | B23: =Assumptions!B24 -> August 12, 2025 — per acquisition memo
A24: Ownership Date Evidence Status | B24: =Assumptions!B25 -> Open - supporting records not provided
A25: Supporting evidence status (ownership date) | B25: =Assumptions!B26 -> Not independently confirmed from Schedule 2.1 or bank wire confirmation; those records are not in the packet.
A26: Post-Close Billing Support | B26: =Assumptions!B27 -> Open follow-up - shipment/service evidence not provided

Sheet Reconciliation
A1: Reconciliation bridge — raw extract gross to Brand_Rollup
A2: Formula-driven bridge. Editing Line_Detail updates raw gross, exclusions, D12/F12 (Brine), D13 (Kiln), Brand_Rollup, and control difference.
A3: Category | B3: Hearth Kitchen Co (USD) | C3: Brine & Barrel EU (EUR) | D3: Native eligible link | E3: Kiln Spice Works (USD) | F3: Brine / board USD | G3: Consolidated USD | H3: Source / note
A4: Raw extract gross | B4: =SUMIF(Line_Detail!$B$2:$B$38,"Hearth Kitchen Co",Line_Detail!$E$2:$E$38) -> 695834.76 | C4: =SUMIF(Line_Detail!$B$2:$B$38,"Brine & Barrel EU",Line_Detail!$E$2:$E$38) -> 620903.08 | E4: =SUMIF(Line_Detail!$B$2:$B$38,"Kiln Spice Works",Line_Detail!$E$2:$E$38) -> 635912.56 | F4: =ROUND(C4*Assumptions!$B$8,2) -> 675170.01 | G4: =ROUND(B4+F4+E4,2) -> 2006917.3 | H4: vesper_culinary_brands_brand_ledger.csv (all extract rows)
A5: Less: void / cancelled status exclusions | B5: =SUMIFS(Line_Detail!$E$2:$E$38,Line_Detail!$B$2:$B$38,"Hearth Kitchen Co",Line_Detail!$I$2:$I$38,"status_void")+SUMIFS(Line_Detail!$E$2:$E$38,Line_Detail!$B$2:$B$38,"Hearth Kitchen Co",Line_Detail!$I$2:$I$38,"status_cancelled") -> -8416.22 | C5: =SUMIFS(Line_Detail!$E$2:$E$38,Line_Detail!$B$2:$B$38,"Brine & Barrel EU",Line_Detail!$I$2:$I$38,"status_void")+SUMIFS(Line_Detail!$E$2:$E$38,Line_Detail!$B$2:$B$38,"Brine & Barrel EU",Line_Detail!$I$2:$I$38,"status_cancelled") -> 6566.52 | E5: =SUMIFS(Line_Detail!$E$2:$E$38,Line_Detail!$B$2:$B$38,"Kiln Spice Works",Line_Detail!$I$2:$I$38,"status_void")+SUMIFS(Line_Detail!$E$2:$E$38,Line_Detail!$B$2:$B$38,"Kiln Spice Works",Line_Detail!$I$2:$I$38,"status_cancelled") -> 11100 | F5: =ROUND(C5*Assumptions!$B$8,2) -> 7140.43 | G5: =ROUND(B5+F5+E5,2) -> 9824.21 | H5: Ledger status void/cancelled; brine_barrel_fx_and_period_reference.txt
A6: Less: duplicate exclusions | B6: =SUMIFS(Line_Detail!$E$2:$E$38,Line_Detail!$B$2:$B$38,"Hearth Kitchen Co",Line_Detail!$I$2:$I$38,"status_duplicate") -> 97533.17 | C6: =SUMIFS(Line_Detail!$E$2:$E$38,Line_Detail!$B$2:$B$38,"Brine & Barrel EU",Line_Detail!$I$2:$I$38,"status_duplicate") -> 0 | E6: =SUMIFS(Line_Detail!$E$2:$E$38,Line_Detail!$B$2:$B$38,"Kiln Spice Works",Line_Detail!$I$2:$I$38,"status_duplicate") -> 0 | F6: =ROUND(C6*Assumptions!$B$8,2) -> 0 | G6: =ROUND(B6+F6+E6,2) -> 97533.17 | H6: Ledger status=duplicate
A7: Less: period exclusions (prior / post / out_of_period) | B7: =SUMIFS(Line_Detail!$E$2:$E$38,Line_Detail!$B$2:$B$38,"Hearth Kitchen Co",Line_Detail!$I$2:$I$38,"prior_period")+SUMIFS(Line_Detail!$E$2:$E$38,Line_Detail!$B$2:$B$38,"Hearth Kitchen Co",Line_Detail!$I$2:$I$38,"post_period")+SUMIFS(Line_Detail!$E$2:$E$38,Line_Detail!$B$2:$B$38,"Hearth Kitchen Co",Line_Detail!$I$2:$I$38,"status_out_of_period") -> 41000 | C7: =SUMIFS(Line_Detail!$E$2:$E$38,Line_Detail!$B$2:$B$38,"Brine & Barrel EU",Line_Detail!$I$2:$I$38,"prior_period")+SUMIFS(Line_Detail!$E$2:$E$38,Line_Detail!$B$2:$B$38,"Brine & Barrel EU",Line_Detail!$I$2:$I$38,"post_period")+SUMIFS(Line_Detail!$E$2:$E$38,Line_Detail!$B$2:$B$38,"Brine & Barrel EU",Line_Detail!$I$2:$I$38,"status_out_of_period") -> 22000 | E7: =SUMIFS(Line_Detail!$E$2:$E$38,Line_Detail!$B$2:$B$38,"Kiln Spice Works",Line_Detail!$I$2:$I$38,"prior_period")+SUMIFS(Line_Detail!$E$2:$E$38,Line_Detail!$B$2:$B$38,"Kiln Spice Works",Line_Detail!$I$2:$I$38,"post_period")+SUMIFS(Line_Detail!$E$2:$E$38,Line_Detail!$B$2:$B$38,"Kiln Spice Works",Line_Detail!$I$2:$I$38,"status_out_of_period") -> 0 | F7: =ROUND(C7*Assumptions!$B$8,2) -> 23922.8 | G7: =ROUND(B7+F7+E7,2) -> 64922.8 | H7: Q3 window + out_of_period status per governing period rules
A8: Subtotal: eligible after status / period | B8: =SUMIF(Line_Detail!$B$2:$B$38,"Hearth Kitchen Co",Line_Detail!$J$2:$J$38) -> 565717.81 | C8: =D12 -> 592336.56 | E8: =D13 -> 624812.56 | F8: =F12 -> 644106.78 | G8: =ROUND(B8+F8+E8,2) -> 1834637.1 | H8: Line_Detail eligible_native; D12/D13 live links
A9: Ownership adjustment (Kiln 50/92; selected board method) | B9: 0 | C9: 0 | E9: =ROUND(D13*Assumptions!$B$12,2)-D13 -> -285240.52 | F9: 0 | G9: =E9 -> -285240.52 | H9: 50/92 — kiln_spice_acquisition_memo.txt
A10: Adjusted board revenue | B10: =B8 -> 565717.81 | C10: =D12 -> 592336.56 | E10: =ROUND(D13*Assumptions!$B$12,2) -> 339572.04 | F10: =F12 -> 644106.78 | G10: =ROUND(B10+F10+E10,2) -> 1549396.6 | H10: Board figure under selected 50/92 method
A11: Brand_Rollup control total | B11: =Brand_Rollup!E6 -> 565717.81 | C11: =D12 -> 592336.56 | E11: =Brand_Rollup!E8 -> 339572.04 | F11: =Brand_Rollup!E7 -> 644106.78 | G11: =Brand_Rollup!E10 -> 1549396.6 | H11: Must equal adjusted board revenue
A12: Brine eligible EUR (live from Line_Detail) | C12: Brine & Barrel EU | D12: =SUMIF(Line_Detail!$B$2:$B$38,"Brine & Barrel EU",Line_Detail!$J$2:$J$38) -> 592336.56 | E12: EUR | F12: =ROUND(D12*Assumptions!$B$8,2) -> 644106.78 | G12: → Brand_Rollup Brine USD | H12: brine_barrel_fx_and_period_reference.txt (EUR/USD 1.0874; sum-then-round)
A13: Kiln full-quarter eligible USD (live from Kiln_Audit) | C13: Kiln Spice Works | D13: =Kiln_Audit!J15 -> 624812.56 | E13: USD | F13: =ROUND(D13*Assumptions!$B$12,2) -> 339572.04 | G13: → Brand_Rollup Kiln USD (50/92) | H13: kiln_spice_acquisition_memo.txt (50/92 selected final)
A14: Control checks
A15: Control 1 — raw Line_Detail by brand = raw bridge total | B15: =ROUND(B4-SUMIF(Line_Detail!$B$2:$B$38,"Hearth Kitchen Co",Line_Detail!$E$2:$E$38),2) -> 0 | C15: =ROUND(C4-SUMIF(Line_Detail!$B$2:$B$38,"Brine & Barrel EU",Line_Detail!$E$2:$E$38),2) -> 0 | E15: =ROUND(E4-SUMIF(Line_Detail!$B$2:$B$38,"Kiln Spice Works",Line_Detail!$E$2:$E$38),2) -> 0 | G15: =IF(AND(ABS(B15)<0.005,ABS(C15)<0.005,ABS(E15)<0.005),"PASS","FAIL") -> PASS | H15: Difference must be zero
A16: Control 2 — raw less exclusion categories = eligible / adjusted path | B16: =ROUND(B4-B5-B6-B7-B8,2) -> 0 | C16: =ROUND(C4-C5-C6-C7-C8,2) -> 0 | E16: =ROUND(E4-E5-E6-E7-E8,2) -> 0 | G16: =IF(AND(ABS(B16)<0.005,ABS(C16)<0.005,ABS(E16)<0.005),"PASS","FAIL") -> PASS | H16: Bridge arithmetic identity
A17: Control 3 — adjusted brand total = Brand_Rollup | B17: =ROUND(B10-B11,2) -> 0 | E17: =ROUND(E10-E11,2) -> 0 | F17: =ROUND(F10-F11,2) -> 0 | G17: =ROUND(G10-G11,2) -> 0 | H17: =IF(AND(ABS(B17)<0.005,ABS(F17)<0.005,ABS(E17)<0.005,ABS(G17)<0.005),"PASS","FAIL") -> PASS
A18: Control 4 — consolidated difference | G18: =G17 -> 0 | H18: =IF(ABS(G18)<0.005,"PASS","FAIL") -> PASS
A19: Bridge control status (all controls) | G19: =IF(AND(G15="PASS",G16="PASS",H17="PASS",H18="PASS"),"PASS","FAIL") -> PASS
A21: Exclusion log (transaction detail)
A22: Issue | B22: transaction_id | C22: brand | D22: native_amount | E22: currency | F22: USD_Impact | G22: Action | H22: Source
A23: prior_period | B23: VC-66208 | C23: Hearth Kitchen Co | D23: 41000 | E23: USD | F23: =IF(E23="EUR",ROUND(D23*Assumptions!$B$8,2),D23) -> 41000 | G23: Excluded from consolidated Q3 revenue | H23: vesper_culinary_brands_brand_ledger.csv
A24: status_duplicate | B24: VC-81091 | C24: Hearth Kitchen Co | D24: 97533.17 | E24: USD | F24: =IF(E24="EUR",ROUND(D24*Assumptions!$B$8,2),D24) -> 97533.17 | G24: Excluded from consolidated Q3 revenue | H24: vesper_culinary_brands_brand_ledger.csv
A25: status_void | B25: VC-58204 | C25: Brine & Barrel EU | D25: -6233.48 | E25: EUR | F25: =IF(E25="EUR",ROUND(D25*Assumptions!$B$8,2),D25) -> -6778.29 | G25: Excluded from consolidated Q3 revenue | H25: vesper_culinary_brands_brand_ledger.csv
A26: status_void | B26: VC-82591 | C26: Hearth Kitchen Co | D26: -8416.22 | E26: USD | F26: =IF(E26="EUR",ROUND(D26*Assumptions!$B$8,2),D26) -> -8416.22 | G26: Excluded from consolidated Q3 revenue | H26: vesper_culinary_brands_brand_ledger.csv
A27: status_void | B27: KS-38401 | C27: Kiln Spice Works | D27: -3900 | E27: USD | F27: =IF(E27="EUR",ROUND(D27*Assumptions!$B$8,2),D27) -> -3900 | G27: Excluded from consolidated Q3 revenue | H27: vesper_culinary_brands_brand_ledger.csv
A28: status_cancelled | B28: VC-60144 | C28: Brine & Barrel EU | D28: 12800 | E28: EUR | F28: =IF(E28="EUR",ROUND(D28*Assumptions!$B$8,2),D28) -> 13918.72 | G28: Excluded from consolidated Q3 revenue | H28: vesper_culinary_brands_brand_ledger.csv
A29: status_cancelled | B29: VC-84108 | C29: Hearth Kitchen Co | D29: 0 | E29: USD | F29: =IF(E29="EUR",ROUND(D29*Assumptions!$B$8,2),D29) -> 0 | G29: Excluded from consolidated Q3 revenue | H29: vesper_culinary_brands_brand_ledger.csv
A30: status_cancelled | B30: KS-39788 | C30: Kiln Spice Works | D30: 15000 | E30: USD | F30: =IF(E30="EUR",ROUND(D30*Assumptions!$B$8,2),D30) -> 15000 | G30: Excluded from consolidated Q3 revenue | H30: vesper_culinary_brands_brand_ledger.csv
A31: status_out_of_period | B31: VC-62091 | C31: Brine & Barrel EU | D31: 22000 | E31: EUR | F31: =IF(E31="EUR",ROUND(D31*Assumptions!$B$8,2),D31) -> 23922.8 | G31: Excluded from consolidated Q3 revenue | H31: vesper_culinary_brands_brand_ledger.csv
A32: Source authority summary
A33: 50/92 ownership method | H33: kiln_spice_acquisition_memo.txt
A34: EUR/USD board close rate | H34: brine_barrel_fx_and_period_reference.txt
A35: Status / period treatment | H35: vesper_culinary_brands_brand_ledger.csv; brine_barrel_fx_and_period_reference.txt
A36: Approval evidence in supplied packet | H36: Approval evidence in supplied packet: not present
A37: Ownership Date Evidence Status | H37: Open - supporting records not provided
A38: Post-Close Billing Support | H38: Open follow-up - shipment/service evidence not provided

Sheet Notes
A1: Vesper Culinary Brands — Consolidated Net Revenue Review
A2: Q3 2025 (July 1, 2025 – September 30, 2025)
A3: Sheet: Notes | Analysis as of Q3 2025 close (early October 2025)
A5: Open Follow-Up Items
A6: Item | B6: Status | C6: Evidence needed
A7: Kiln ownership date | B7: Open follow-up | C7: Schedule 2.1 and bank wire confirmation
A8: Post-close billings | B8: Open follow-up | C8: Shipment/service support
A10: Ownership-date support
A11: The August 12, 2025 Kiln ownership date is used for the current analysis based on the acquisition memo, but confirmation against Schedule 2.1 and the bank wire confirmation remains outstanding because those records are not included in the supplied packet.
A12: Post-close billing support
A13: Post-close Kiln billings should be tied to shipment or service evidence where practical; the underlying supporting records are not included in the supplied packet, so this remains an open follow-up item.
A15: Kiln ownership methods and judgment
A17: kiln_spice_acquisition_memo.txt establishes the permitted Q3 ownership treatment, including the 50/92 proration method used as the selected final board method. A transaction-date ownership cutoff (eligible Kiln rows on or after 2025-08-12 after status/period exclusions) is memo-supported only as a conditional alternative. Approval evidence is not present in the supplied packet. The August 12 ownership date is the modeling basis from the memo; independent confirmation against Schedule 2.1 and the bank wire confirmation remains an open follow-up. Do not mix methods or apply proration on top of an already ownership-cutoff sum.
A19: Selected final method (board) | B19: =Assumptions!B13 -> 50/92 proration
A20: Kiln consolidated USD — selected final | B20: =Brand_Rollup!E8 -> 339572.04
A21: Consolidated total USD — selected final | B21: =Brand_Rollup!E10 -> 1549396.6
A22: Approval evidence in supplied packet | B22: =Assumptions!B22 -> Approval evidence in supplied packet: not present
A23: Modeling basis (Kiln ownership date) | B23: =Assumptions!B24 -> August 12, 2025 — per acquisition memo
A24: Ownership Date Evidence Status | B24: =Assumptions!B25 -> Open - supporting records not provided
A25: Post-Close Billing Support | B25: =Assumptions!B27 -> Open follow-up - shipment/service evidence not provided
A27: 50/92 method (Case 1 — selected final)
A28: Sum status/period-eligible Kiln rows for the full Q3 window, then multiply by the 50/92 proration factor. Governing source: kiln_spice_acquisition_memo.txt. This workbook uses 50/92 as the selected final board method. Ownership-date supporting evidence remains an open diligence item and does not change the selected method.
A29: Case 1 Kiln USD | B29: =Brand_Rollup!B22 -> 339572.04
A30: Case 1 consolidated total USD | B30: =Brand_Rollup!B23 -> 1549396.6
A32: Transaction-date method (Case 2 — conditional)
A33: After status/period exclusions, include only Kiln rows dated on or after the close date 2025-08-12. Do not apply 50/92 on top of that ownership-cutoff sum. Conditional transaction-date cutoff scenario — approval evidence not present in packet. Approval evidence in supplied packet: not present. The Case 2 amounts below are analytical only and are not the unqualified final board figure.
A34: Case 2 Kiln USD (conditional) | B34: =Brand_Rollup!C22 -> 424609.7
A35: Case 2 consolidated total USD (conditional) | B35: =Brand_Rollup!C23 -> 1634434.3
A36: Case 2 label | B36: =Assumptions!B23 -> Conditional transaction-date cutoff scenario — approval evidence not present in packet
A38: Board reporting note
A39: ="Board reporting note: As of the Q3 2025 close in early October 2025, Q3 2025 consolidated net revenue is reported at "&TEXT(Brand_Rollup!E10,"$#,##0.00")&". Brine & Barrel EU revenue is translated at the governing EUR/USD rate of "&TEXT(Assumptions!B8,"0.0000")&" using sum-then-round treatment. Kiln Spice Works is included using the "&Assumptions!B13&" ownership method under kiln_spice_acquisition_memo.txt. "&Assumptions!B22&" Ownership-date and post-close billing support remain open follow-ups." -> Board reporting note: As of the Q3 2025 close in early October 2025, Q3 2025 consolidated net revenue is reported at $1,549,396.63. Brine & Barrel EU revenue is translated at the governing EUR/USD rate of 1.0874 using sum-then-round treatment. Kiln Spice Works is included using the 50/92 proration ownership method under kiln_spice_acquisition_memo.txt. Approval evidence in supplied packet: not present Ownership-date and post-close billing support remain open follow-ups.
A41: Cited sources
A42: vesper_culinary_brands_brand_ledger.csv
A43: brine_barrel_fx_and_period_reference.txt
A44: kiln_spice_acquisition_memo.txt

Sheet Recommendation
A1: Vesper Culinary Brands — Consolidated Net Revenue Review
A2: Q3 2025 (July 1, 2025 – September 30, 2025)
A3: Sheet: Recommendation | Analysis as of Q3 2025 close (early October 2025)
A5: Board recommendation
A7: Consolidated Q3 2025 net revenue — selected final (USD) | B7: =Brand_Rollup!E10 -> 1549396.6
A8: Selected final Kiln ownership method | B8: =Assumptions!B13 -> 50/92 proration
A9: Approval evidence in supplied packet | B9: =Assumptions!B22 -> Approval evidence in supplied packet: not present
A10: Conditional cutoff total (not final board figure) | B10: =Brand_Rollup!C23 -> 1634434.3
A11: Conditional cutoff label | B11: =Assumptions!B23 -> Conditional transaction-date cutoff scenario — approval evidence not present in packet
A12: Ownership Date Evidence Status | B12: =Assumptions!B25 -> Open - supporting records not provided
A13: Post-Close Billing Support | B13: =Assumptions!B27 -> Open follow-up - shipment/service evidence not provided
A15: Board reporting note
A16: ="Board reporting note: As of the Q3 2025 close in early October 2025, Q3 2025 consolidated net revenue is reported at "&TEXT(Brand_Rollup!E10,"$#,##0.00")&". Brine & Barrel EU revenue is translated at the governing EUR/USD rate of "&TEXT(Assumptions!B8,"0.0000")&" using sum-then-round treatment. Kiln Spice Works is included using the "&Assumptions!B13&" ownership method under kiln_spice_acquisition_memo.txt. "&Assumptions!B22&" Ownership-date and post-close billing support remain open follow-ups." -> Board reporting note: As of the Q3 2025 close in early October 2025, Q3 2025 consolidated net revenue is reported at $1,549,396.63. Brine & Barrel EU revenue is translated at the governing EUR/USD rate of 1.0874 using sum-then-round treatment. Kiln Spice Works is included using the 50/92 proration ownership method under kiln_spice_acquisition_memo.txt. Approval evidence in supplied packet: not present Ownership-date and post-close billing support remain open follow-ups.
A18: Recommendation text
A19: As of the Q3 2025 close in early October 2025, use the brand-level rollup selected-final consolidated total for the board packet. Apply status, period, and ownership filters from the governing sources before rolling revenue. Brine & Barrel EU is converted at 1.0874 USD per EUR per brine_barrel_fx_and_period_reference.txt (not the 1.1025 spot aside), using sum-then-round treatment. Kiln Spice Works follows kiln_spice_acquisition_memo.txt: 50/92 proration of post-exclusion full-quarter Kiln gross is the selected final board method. A transaction-date cutoff from 2025-08-12 is shown only as a Conditional transaction-date cutoff scenario — Approval evidence in supplied packet: not present — and is not the unqualified final consolidated revenue. Ownership-date confirmation against Schedule 2.1 and bank wire confirmation, and post-close billing shipment/service tie-out, remain open follow-ups because those records are not in the packet. Do not adopt the sales-ops full-quarter Kiln note, do not mix ownership methods, and do not treat void or cancelled rows as Q3 revenue.
