Workbook

Sheet Cohort Detail
A1: cohort_id | B1: fiscal_month_label | C1: calendar_quarter | D1: starting_arr | E1: vehicle_count | F1: gross_retention_pct | G1: expansion_arr | H1: churn_arr | I1: ending_arr | J1: revenue_tag | K1: notes
A2: IC-2019-01 | B2: FY24-M01 | C2: 2023-Q2 | D2: 427420 | E2: 43 | F2: 93.1 | G2: 30814 | H2: 17395 | I2: 411347.02 | J2: recurring_fleet
A3: IC-2019-01 | B3: FY24-M04 | C3: 2023-Q3 | D3: 414637.8 | E3: 48 | F3: 93.1 | G3: 31769.23 | H3: 17777.69 | I3: 400019.33 | J3: recurring_fleet
A4: IC-2019-01 | B4: FY24-M07 | C4: 2023-Q4 | D4: 398419.25 | E4: 45 | F4: 93.1 | G4: 33525.63 | H4: 18577.86 | I4: 385876.09 | J4: recurring_fleet
A5: IC-2019-01 | B5: FY24-M10 | C5: 2024-Q1 | D5: 390120.73 | E5: 49 | F5: 93.1 | G5: 34265.17 | H5: 18977.94 | I5: 378489.63 | J5: recurring_fleet
A6: IC-2019-01 | B6: FY25-M01 | C6: 2024-Q2 | D6: 375840.2 | E6: 44 | F6: 93.1 | G6: 36083.19 | H6: 19812.9 | I6: 366177.52 | J6: recurring_fleet
A7: IC-2019-01 | B7: FY25-M04 | C7: 2024-Q3 | D7: 368008.41 | E7: 47 | F7: 93.1 | G7: 36915.17 | H7: 20039.04 | I7: 359491.96 | J7: recurring_fleet
A8: IC-2019-01 | B8: FY25-M07 | C8: 2024-Q4 | D8: 360570.44 | E8: 46 | F8: 93.1 | G8: 38887.27 | H8: 21065.35 | I8: 353513 | J8: recurring_fleet
A9: IC-2020-02 | B9: FY24-M01 | C9: 2023-Q2 | D9: 512040 | E9: 53 | F9: 92.4 | G9: 38152 | H9: 19778.8 | I9: 491498.16 | J9: recurring_fleet
A10: IC-2020-02 | B10: FY24-M04 | C10: 2023-Q3 | D10: 495430.15 | E10: 56 | F10: 92.4 | G10: 39906.99 | H10: 20728.18 | I10: 476956.27 | J10: recurring_fleet
A11: IC-2020-02 | B11: FY24-M07 | C11: 2023-Q4 | D11: 475048.44 | E11: 60 | F11: 92.4 | G11: 40784.49 | H11: 20985.31 | I11: 458743.94 | J11: recurring_fleet
A12: IC-2020-02 | B12: FY24-M10 | C12: 2024-Q1 | D12: 463790.12 | E12: 55 | F12: 92.4 | G12: 43531.43 | H12: 22112.7 | I12: 449960.8 | J12: recurring_fleet
A13: IC-2020-02 | B13: FY25-M01 | C13: 2024-Q2 | D13: 446811.07 | E13: 58 | F13: 92.4 | G13: 44180.02 | H13: 22429.16 | I13: 434604.29 | J13: recurring_fleet
... A64: IC-2023-04 | B64: FY25-M07 | C64: 2024-Q4 | D64: 1666217.5 | E64: 152 | F64: 95.5 | G64: 165044.15 | H64: 59770.94 | I64: 1696510.9 | J64: recurring_fleet
A65: IC-MUNI-24 | B65: FY24-M01 | C65: 2023-Q2 | D65: 2040000 | E65: 286 | F65: 100 | G65: 0 | H65: 0 | I65: 2040000 | J65: pilot_non_recurring | K65: MetroLink Transit Authority 12-month deployment; procurement has not approved renewal. Exclude from run-rate under sponsor brief Footnote 1 using the brief's $2,040,000 award-year annualized exclusion (not this row's ending_arr). Current-period ending_arr reflects mid-pilot vehicle adds and rate schedule.
A66: IC-MUNI-24 | B66: FY24-M04 | C66: 2023-Q3 | D66: 2072640 | E66: 298 | F66: 100 | G66: 0 | H66: 0 | I66: 2072640 | J66: pilot_non_recurring | K66: MetroLink Transit Authority 12-month deployment; procurement has not approved renewal. Exclude from run-rate under sponsor brief Footnote 1 using the brief's $2,040,000 award-year annualized exclusion (not this row's ending_arr). Current-period ending_arr reflects mid-pilot vehicle adds and rate schedule.
A67: IC-MUNI-24 | B67: FY24-M07 | C67: 2023-Q4 | D67: 2125680 | E67: 294 | F67: 100 | G67: 0 | H67: 0 | I67: 2125680 | J67: pilot_non_recurring | K67: MetroLink Transit Authority 12-month deployment; procurement has not approved renewal. Exclude from run-rate under sponsor brief Footnote 1 using the brief's $2,040,000 award-year annualized exclusion (not this row's ending_arr). Current-period ending_arr reflects mid-pilot vehicle adds and rate schedule.
A68: IC-MUNI-24 | B68: FY24-M10 | C68: 2024-Q1 | D68: 2150160 | E68: 307 | F68: 100 | G68: 0 | H68: 0 | I68: 2150160 | J68: pilot_non_recurring | K68: MetroLink Transit Authority 12-month deployment; procurement has not approved renewal. Exclude from run-rate under sponsor brief Footnote 1 using the brief's $2,040,000 award-year annualized exclusion (not this row's ending_arr). Current-period ending_arr reflects mid-pilot vehicle adds and rate schedule.
A69: IC-MUNI-24 | B69: FY25-M01 | C69: 2024-Q2 | D69: 2182800 | E69: 301 | F69: 100 | G69: 0 | H69: 0 | I69: 2182800 | J69: pilot_non_recurring | K69: MetroLink Transit Authority 12-month deployment; procurement has not approved renewal. Exclude from run-rate under sponsor brief Footnote 1 using the brief's $2,040,000 award-year annualized exclusion (not this row's ending_arr). Current-period ending_arr reflects mid-pilot vehicle adds and rate schedule.
A70: IC-MUNI-24 | B70: FY25-M04 | C70: 2024-Q3 | D70: 2235840 | E70: 295 | F70: 100 | G70: 0 | H70: 0 | I70: 2235840 | J70: pilot_non_recurring | K70: MetroLink Transit Authority 12-month deployment; procurement has not approved renewal. Exclude from run-rate under sponsor brief Footnote 1 using the brief's $2,040,000 award-year annualized exclusion (not this row's ending_arr). Current-period ending_arr reflects mid-pilot vehicle adds and rate schedule.
A71: IC-MUNI-24 | B71: FY25-M07 | C71: 2024-Q4 | D71: 2260320 | E71: 304 | F71: 100 | G71: 0 | H71: 0 | I71: 2260320 | J71: pilot_non_recurring | K71: MetroLink Transit Authority 12-month deployment; procurement has not approved renewal. Exclude from run-rate under sponsor brief Footnote 1 using the brief's $2,040,000 award-year annualized exclusion (not this row's ending_arr). Current-period ending_arr reflects mid-pilot vehicle adds and rate schedule.
A72: IC-2023-02-XP | B72: FY25-M04 | C72: 2024-Q3 | D72: 1199485.7 | E72: 117 | F72: 94.9 | G72: 114777.98 | H72: 45298.02 | I72: 1207791.9 | J72: recurring_fleet | K72: Migration crosswalk row; expansion dollars duplicate IC-2022-04 for the same fleet amendment.

Sheet Recognition Bridge
A1: calendar_quarter | B1: gross_cohort_ending_arr | C1: less_duplicate_crosswalk | D1: less_recognition_timing_adj | E1: fleet_arr | F1: cohort_vehicle_count | G1: plus_unassigned_onboarding_vehicles | H1: active_vehicles | I1: bridge_check | J1: methodology_note
A2: 2024-Q1 | B2: =SUMIF('Cohort Detail'!C$2:C$72,A2,'Cohort Detail'!I$2:I$72) -> 10411532 | C2: =SUMIFS('Cohort Detail'!I$2:I$72,'Cohort Detail'!C$2:C$72,A2,'Cohort Detail'!A$2:A$72,"IC-2023-02-XP") -> 0 | D2: =B2-C2-E2 -> 4699051.2 | E2: 5712480.3 | F2: =SUMIF('Cohort Detail'!C$2:C$72,A2,'Cohort Detail'!E$2:E$72) -> 1154 | G2: =H2-F2 -> 488 | H2: 1642 | I2: =IF(ABS(B2-C2-D2-E2)<0.01,"ties","BREAK") | J2: fleet_arr is finance-recognized subscription ARR for board TTM. Cohort Detail ending_arr is gross contracted ARR by billing cohort. recognition_timing_adj removes implementation deferrals and multi-year contract billings not yet in the subscription ledger. active_vehicles includes onboarding units not yet tagged to a cohort_id.
A3: 2024-Q2 | B3: =SUMIF('Cohort Detail'!C$2:C$72,A3,'Cohort Detail'!I$2:I$72) -> 10414585 | C3: =SUMIFS('Cohort Detail'!I$2:I$72,'Cohort Detail'!C$2:C$72,A3,'Cohort Detail'!A$2:A$72,"IC-2023-02-XP") -> 0 | D3: =B3-C3-E3 -> 4229659.6 | E3: 6184925.8 | F3: =SUMIF('Cohort Detail'!C$2:C$72,A3,'Cohort Detail'!E$2:E$72) -> 1151 | G3: =H3-F3 -> 638 | H3: 1789 | I3: =IF(ABS(B3-C3-D3-E3)<0.01,"ties","BREAK") | J3: fleet_arr is finance-recognized subscription ARR for board TTM. Cohort Detail ending_arr is gross contracted ARR by billing cohort. recognition_timing_adj removes implementation deferrals and multi-year contract billings not yet in the subscription ledger. active_vehicles includes onboarding units not yet tagged to a cohort_id.
A4: 2024-Q3 | B4: =SUMIF('Cohort Detail'!C$2:C$72,A4,'Cohort Detail'!I$2:I$72) -> 11757264 | C4: =SUMIFS('Cohort Detail'!I$2:I$72,'Cohort Detail'!C$2:C$72,A4,'Cohort Detail'!A$2:A$72,"IC-2023-02-XP") -> 1207791.9 | D4: =B4-C4-E4 -> 3797131.5 | E4: 6752340.5 | F4: =SUMIF('Cohort Detail'!C$2:C$72,A4,'Cohort Detail'!E$2:E$72) -> 1243 | G4: =H4-F4 -> 705 | H4: 1948 | I4: =IF(ABS(B4-C4-D4-E4)<0.01,"ties","BREAK") | J4: fleet_arr is finance-recognized subscription ARR for board TTM. Cohort Detail ending_arr is gross contracted ARR by billing cohort. recognition_timing_adj removes implementation deferrals and multi-year contract billings not yet in the subscription ledger. active_vehicles includes onboarding units not yet tagged to a cohort_id.
A5: 2024-Q4 | B5: =SUMIF('Cohort Detail'!C$2:C$72,A5,'Cohort Detail'!I$2:I$72) -> 10656583 | C5: =SUMIFS('Cohort Detail'!I$2:I$72,'Cohort Detail'!C$2:C$72,A5,'Cohort Detail'!A$2:A$72,"IC-2023-02-XP") -> 0 | D5: =B5-C5-E5 -> 3264719.3 | E5: 7391864.2 | F5: =SUMIF('Cohort Detail'!C$2:C$72,A5,'Cohort Detail'!E$2:E$72) -> 1154 | G5: =H5-F5 -> 963 | H5: 2117 | I5: =IF(ABS(B5-C5-D5-E5)<0.01,"ties","BREAK") | J5: fleet_arr is finance-recognized subscription ARR for board TTM. Cohort Detail ending_arr is gross contracted ARR by billing cohort. recognition_timing_adj removes implementation deferrals and multi-year contract billings not yet in the subscription ledger. active_vehicles includes onboarding units not yet tagged to a cohort_id.

Sheet Fleet Rollup
A1: calendar_quarter | B1: fleet_arr | C1: active_vehicles | D1: reported_nrr_pct | E1: source_note
A2: 2024-Q1 | B2: 5712480.3 | C2: 1642 | D2: 107.4 | E2: Finance calendar-quarter rollup (finance-recognized ARR). See Recognition Bridge + Definitions for Cohort Detail → fleet_arr identity. Includes municipal pilot in recognized ARR; exclude per brief Footnote 1.
A3: 2024-Q2 | B3: 6184925.8 | C3: 1789 | D3: 108.6 | E3: Finance calendar-quarter rollup (finance-recognized ARR). See Recognition Bridge + Definitions for Cohort Detail → fleet_arr identity. Includes municipal pilot in recognized ARR; exclude per brief Footnote 1.
A4: 2024-Q3 | B4: 6752340.5 | C4: 1948 | D4: 108.2 | E4: Finance calendar-quarter rollup (finance-recognized ARR). See Recognition Bridge + Definitions for Cohort Detail → fleet_arr identity. Includes municipal pilot in recognized ARR; exclude per brief Footnote 1.
A5: 2024-Q4 | B5: 7391864.2 | C5: 2117 | D5: 109.5 | E5: Finance calendar-quarter rollup (finance-recognized ARR). See Recognition Bridge + Definitions for Cohort Detail → fleet_arr identity. Includes municipal pilot in recognized ARR; exclude per brief Footnote 1.

Sheet Definitions
A1: field | B1: definition
A2: cohort_id | B2: Fleet cohort identifier from the billing migration crosswalk.
A3: fiscal_month_label | B3: Ironclad fiscal-month label; FY25-M07 maps to calendar 2024-Q4.
A4: calendar_quarter | B4: Calendar period used for sponsor valuation analysis.
A5: starting_arr | B5: Annualized recurring subscription value at period opening.
A6: vehicle_count | B6: Connected billable vehicles at period end for the cohort.
A7: gross_retention_pct | B7: Opening ARR retained before expansion (one decimal place).
A8: expansion_arr | B8: Annualized in-cohort seat, module, and vehicle expansion.
A9: churn_arr | B9: Annualized contraction and cancellation value.
A10: ending_arr | B10: Gross contracted ARR: starting_arr × gross_retention_pct/100 + expansion_arr − churn_arr. This is the billing-cohort view, not the finance-recognized board rollup.
A11: fleet_arr | B11: Finance-recognized subscription ARR for the calendar quarter used in board TTM. Identity (Recognition Bridge): fleet_arr = SUMIF(Cohort Detail ending_arr by calendar_quarter) − duplicate IC-2023-02-XP ending_arr − recognition_timing_adj. Not equal to the raw sum of Cohort Detail ending_arr.
A12: recognition_timing_adj | B12: Reconciling amount on Recognition Bridge: implementation deferrals and multi-year contract billings present in Cohort Detail contracted ARR but not yet in the subscription ledger used for Fleet Rollup.
... A15: duplicate crosswalk | B15: IC-2023-02-XP repeats an IC-2022-04 fleet amendment and must not be counted twice.
