Workbook

Sheet Summary
A1: October renewal batch disposition summary
A2: Accounts reviewed | B2: =COUNTA(Account_Routing!A2:A40) -> 36
A3: Quote | B3: =COUNTIF(Account_Routing!F2:F100,"Quote") -> 25
A4: Refer | B4: =COUNTIF(Account_Routing!F2:F100,"Refer") -> 9
A5: Decline | B5: =COUNTIF(Account_Routing!F2:F100,"Decline") -> 1
A6: Ask Broker | B6: =COUNTIF(Account_Routing!F2:F100,"Ask Broker") -> 1
A8: Subsidized locations flagged | B8: =COUNTIF(Location_Exceptions!C2:C200,"Subsidized housing endorsement required") -> 3

Sheet Account_Routing
A1: account_id | B1: named_insured | C1: expiring_premium | D1: list_loss_ratio | E1: recomputed_loss_ratio | F1: disposition | G1: rationale
A2: GR-2001 | B2: Ashland Court Apts LP | C2: =Account_Source!C2 -> 55299.51 | D2: =Account_Source!D2 -> 25.9 | E2: =IF(C2=0,"",ROUND(SUMIFS(Loss_Run!$G$2:$G$120,Loss_Run!$B$2:$B$120,$A2,Loss_Run!$F$2:$F$120,"")/C2*100,1)) -> 11.3 | F2: Quote | G2: Loss ratio and location checks clear under granite_ridge_routing_notes.txt with no pending broker items.
A3: GR-2004 | B3: Berwyn Arms LLC | C3: =Account_Source!C3 -> 75553.66 | D3: =Account_Source!D3 -> 12.8 | E3: =IF(C3=0,"",ROUND(SUMIFS(Loss_Run!$G$2:$G$120,Loss_Run!$B$2:$B$120,$A3,Loss_Run!$F$2:$F$120,"")/C3*100,1)) -> 26.4 | F3: Quote | G3: Renewal-ready at summary level confirmed once location schedule and loss run were reconciled.
A4: GR-2007 | B4: Campus Edge Housing Co. | C4: =Account_Source!C4 -> 67915.72 | D4: =Account_Source!D4 -> 17.9 | E4: =IF(C4=0,"",ROUND(SUMIFS(Loss_Run!$G$2:$G$120,Loss_Run!$B$2:$B$120,$A4,Loss_Run!$F$2:$F$120,"")/C4*100,1)) -> 13.7 | F4: Refer | G4: Section 10 refer: Campus Edge student-housing account — GRP-APPETITE review must be submitted before bind per granite_ridge_routing_notes.txt
A5: GR-2010 | B5: Damen Square Residences | C5: =Account_Source!C5 -> 87072.61 | D5: =Account_Source!D5 -> 17.1 | E5: =IF(C5=0,"",ROUND(SUMIFS(Loss_Run!$G$2:$G$120,Loss_Run!$B$2:$B$120,$A5,Loss_Run!$F$2:$F$120,"")/C5*100,1)) -> 6.1 | F5: Quote | G5: No Section 3-6 referral triggers after reconciling granite_ridge_loss_run_36mo.csv and granite_ridge_location_schedule.csv.
A6: GR-2013 | B6: Eastgate Manor LLC | C6: =Account_Source!C6 -> 55911.94 | D6: =Account_Source!D6 -> 20.5 | E6: =IF(C6=0,"",ROUND(SUMIFS(Loss_Run!$G$2:$G$120,Loss_Run!$B$2:$B$120,$A6,Loss_Run!$F$2:$F$120,"")/C6*100,1)) -> 22.2 | F6: Quote | G6: Attritional loss history within appetite after reconciling granite_ridge_loss_run_36mo.csv; no referral triggers active.
A7: GR-2016 | B7: Fairmount Village Apts | C7: =Account_Source!C7 -> 67173.6 | D7: =Account_Source!D7 -> 30.2 | E7: =IF(C7=0,"",ROUND(SUMIFS(Loss_Run!$G$2:$G$120,Loss_Run!$B$2:$B$120,$A7,Loss_Run!$F$2:$F$120,"")/C7*100,1)) -> 18.1 | F7: Quote | G7: Loss ratio and location checks clear under granite_ridge_routing_notes.txt with no pending broker items.
A8: GR-2018 | B8: Glenwood Terrace LLC | C8: =Account_Source!C8 -> 54820 | D8: =Account_Source!D8 -> 18.6 | E8: =IF(C8=0,"",ROUND(SUMIFS(Loss_Run!$G$2:$G$120,Loss_Run!$B$2:$B$120,$A8,Loss_Run!$F$2:$F$120,"")/C8*100,1)) -> 9.9 | F8: Quote | G8: Attritional loss history within appetite after reconciling granite_ridge_loss_run_36mo.csv; no referral triggers active.
A9: GR-2021 | B9: Halsted Walkup Partners | C9: =Account_Source!C9 -> 69181.2 | D9: =Account_Source!D9 -> 26.8 | E9: =IF(C9=0,"",ROUND(SUMIFS(Loss_Run!$G$2:$G$120,Loss_Run!$B$2:$B$120,$A9,Loss_Run!$F$2:$F$120,"")/C9*100,1)) -> 16.5 | F9: Quote | G9: Loss ratio and location checks clear under granite_ridge_routing_notes.txt with no pending broker items.
A10: GR-2024 | B10: Irving Park Rentals Inc | C10: =Account_Source!C10 -> 67304.53 | D10: =Account_Source!D10 -> 17.4 | E10: =IF(C10=0,"",ROUND(SUMIFS(Loss_Run!$G$2:$G$120,Loss_Run!$B$2:$B$120,$A10,Loss_Run!$F$2:$F$120,"")/C10*100,1)) -> 27.7 | F10: Quote | G10: Renewal-ready at summary level confirmed once location schedule and loss run were reconciled.
A11: GR-2027 | B11: Jefferson Grove MF LLC | C11: =Account_Source!C11 -> 53257.33 | D11: =Account_Source!D11 -> 21.6 | E11: =IF(C11=0,"",ROUND(SUMIFS(Loss_Run!$G$2:$G$120,Loss_Run!$B$2:$B$120,$A11,Loss_Run!$F$2:$F$120,"")/C11*100,1)) -> 11.6 | F11: Quote | G11: Account summary ties to location detail; no inspection, vacancy, or subsidized-housing flags require referral.
A12: GR-2030 | B12: Kenwood Station Apts | C12: =Account_Source!C12 -> 62730.46 | D12: =Account_Source!D12 -> 21.9 | E12: =IF(C12=0,"",ROUND(SUMIFS(Loss_Run!$G$2:$G$120,Loss_Run!$B$2:$B$120,$A12,Loss_Run!$F$2:$F$120,"")/C12*100,1)) -> 9.4 | F12: Quote | G12: No Section 3-6 referral triggers after reconciling granite_ridge_loss_run_36mo.csv and granite_ridge_location_schedule.csv.
A13: GR-2033 | B13: Lincolnwood Place LLC | C13: =Account_Source!C13 -> 52180 | D13: =Account_Source!D13 -> 19.2 | E13: =IF(C13=0,"",ROUND(SUMIFS(Loss_Run!$G$2:$G$120,Loss_Run!$B$2:$B$120,$A13,Loss_Run!$F$2:$F$120,"")/C13*100,1)) -> 11.7 | F13: Ask Broker | G13: Section 6 Ask Broker: HAB-2033-B vacancy without broker confirmation
... A37: GR-2200 | B37: Indiana Ave Partners LLC | C37: =Account_Source!C37 -> 82603.3 | D37: =Account_Source!D37 -> 26.3 | E37: =IF(C37=0,"",ROUND(SUMIFS(Loss_Run!$G$2:$G$120,Loss_Run!$B$2:$B$120,$A37,Loss_Run!$F$2:$F$120,"")/C37*100,1)) -> 16.6 | F37: Quote | G37: No Section 3-6 referral triggers after reconciling granite_ridge_loss_run_36mo.csv and granite_ridge_location_schedule.csv.

Sheet Location_Exceptions
A1: location_or_account | B1: account_id | C1: exception_type | D1: detail | E1: source
A2: GR-2007 | B2: GR-2007 | C2: Student housing appetite note | D2: Section 10: GRP-APPETITE review must be submitted before bind (Campus Edge student-housing account; clearance not on file) | E2: granite_ridge_routing_notes.txt
A3: HAB-2033-B | B3: GR-2033 | C3: Vacancy pending broker update | D3: vacancy_flag=Y | E3: granite_ridge_location_schedule.csv
A4: HAB-2053-A | B4: GR-2053 | C4: Subsidized housing endorsement required | D4: 24 subsidized units | E4: granite_ridge_location_schedule.csv
A5: GR-2065 | B5: GR-2065 | C5: Student housing appetite note | D5: Section 10: GRP-APPETITE review must be submitted before bind (Campus Edge student-housing account; clearance not on file) | E5: granite_ridge_routing_notes.txt
A6: HAB-2068-B | B6: GR-2068 | C6: Subsidized housing endorsement required | D6: 18 subsidized units | E6: granite_ridge_location_schedule.csv
A7: HAB-2074-A | B7: GR-2074 | C7: Pending pool remediation | D7: pending_fence_po | E7: granite_ridge_location_schedule.csv
A8: HAB-2089-A | B8: GR-2089 | C8: Expired life-safety inspection | D8: sprinkler 2025-04-02 | E8: granite_ridge_location_schedule.csv
A9: HAB-2092-A | B9: GR-2092 | C9: Subsidized housing endorsement required | D9: 22 subsidized units | E9: granite_ridge_location_schedule.csv
A10: GR-2113 | B10: GR-2113 | C10: Account TIV does not tie to locations | D10: variance +$970,880 | E10: granite_ridge_renewal_accounts.csv; granite_ridge_location_schedule.csv
A11: GR-2113 | B11: GR-2113 | C11: Account unit count does not tie to locations | D11: variance 8 units | E11: granite_ridge_renewal_accounts.csv; granite_ridge_location_schedule.csv

Sheet Loss_Reconciliation
A1: account_id | B1: list_loss_ratio | C1: recomputed_loss_ratio | D1: delta | E1: source
A2: GR-2001 | B2: =Account_Routing!D2 -> 25.9 | C2: =Account_Routing!E2 -> 11.3 | D2: =C2-B2 -> -14.6 | E2: granite_ridge_loss_run_36mo.csv vs granite_ridge_renewal_accounts.csv
A3: GR-2004 | B3: =Account_Routing!D3 -> 12.8 | C3: =Account_Routing!E3 -> 26.4 | D3: =C3-B3 -> 13.6 | E3: granite_ridge_loss_run_36mo.csv vs granite_ridge_renewal_accounts.csv
A4: GR-2010 | B4: =Account_Routing!D5 -> 17.1 | C4: =Account_Routing!E5 -> 6.1 | D4: =C4-B4 -> -11 | E4: granite_ridge_loss_run_36mo.csv vs granite_ridge_renewal_accounts.csv
A5: GR-2016 | B5: =Account_Routing!D7 -> 30.2 | C5: =Account_Routing!E7 -> 18.1 | D5: =C5-B5 -> -12.1 | E5: granite_ridge_loss_run_36mo.csv vs granite_ridge_renewal_accounts.csv
A6: GR-2018 | B6: =Account_Routing!D8 -> 18.6 | C6: =Account_Routing!E8 -> 9.9 | D6: =C6-B6 -> -8.7 | E6: granite_ridge_loss_run_36mo.csv vs granite_ridge_renewal_accounts.csv
A7: GR-2021 | B7: =Account_Routing!D9 -> 26.8 | C7: =Account_Routing!E9 -> 16.5 | D7: =C7-B7 -> -10.3 | E7: granite_ridge_loss_run_36mo.csv vs granite_ridge_renewal_accounts.csv
A8: GR-2024 | B8: =Account_Routing!D10 -> 17.4 | C8: =Account_Routing!E10 -> 27.7 | D8: =C8-B8 -> 10.3 | E8: granite_ridge_loss_run_36mo.csv vs granite_ridge_renewal_accounts.csv
A9: GR-2027 | B9: =Account_Routing!D11 -> 21.6 | C9: =Account_Routing!E11 -> 11.6 | D9: =C9-B9 -> -10 | E9: granite_ridge_loss_run_36mo.csv vs granite_ridge_renewal_accounts.csv
A10: GR-2030 | B10: =Account_Routing!D12 -> 21.9 | C10: =Account_Routing!E12 -> 9.4 | D10: =C10-B10 -> -12.5 | E10: granite_ridge_loss_run_36mo.csv vs granite_ridge_renewal_accounts.csv
A11: GR-2033 | B11: =Account_Routing!D13 -> 19.2 | C11: =Account_Routing!E13 -> 11.7 | D11: =C11-B11 -> -7.5 | E11: granite_ridge_loss_run_36mo.csv vs granite_ridge_renewal_accounts.csv
A12: GR-2036 | B12: =Account_Routing!D14 -> 13.1 | C12: =Account_Routing!E14 -> 20.9 | D12: =C12-B12 -> 7.8 | E12: granite_ridge_loss_run_36mo.csv vs granite_ridge_renewal_accounts.csv
A13: GR-2042 | B13: =Account_Routing!D16 -> 16.3 | C13: =Account_Routing!E16 -> 25.9 | D13: =C13-B13 -> 9.6 | E13: granite_ridge_loss_run_36mo.csv vs granite_ridge_renewal_accounts.csv
A14: GR-2045 | B14: =Account_Routing!D17 -> 27.2 | C14: =Account_Routing!E17 -> 13.6 | D14: =C14-B14 -> -13.6 | E14: granite_ridge_loss_run_36mo.csv vs granite_ridge_renewal_accounts.csv
A15: GR-2047 | B15: =Account_Routing!D18 -> 21.3 | C15: =Account_Routing!E18 -> 7.8 | D15: =C15-B15 -> -13.5 | E15: granite_ridge_loss_run_36mo.csv vs granite_ridge_renewal_accounts.csv
A16: GR-2053 | B16: =Account_Routing!D20 -> 31.4 | C16: =Account_Routing!E20 -> 21.2 | D16: =C16-B16 -> -10.2 | E16: granite_ridge_loss_run_36mo.csv vs granite_ridge_renewal_accounts.csv
A17: GR-2056 | B17: =Account_Routing!D21 -> 33.9 | C17: =Account_Routing!E21 -> 22.4 | D17: =C17-B17 -> -11.5 | E17: granite_ridge_loss_run_36mo.csv vs granite_ridge_renewal_accounts.csv
A18: GR-2062 | B18: =Account_Routing!D23 -> 26.1 | C18: =Account_Routing!E23 -> 19.2 | D18: =C18-B18 -> -6.9 | E18: granite_ridge_loss_run_36mo.csv vs granite_ridge_renewal_accounts.csv
A19: GR-2065 | B19: =Account_Routing!D24 -> 29.7 | C19: =Account_Routing!E24 -> 7.4 | D19: =C19-B19 -> -22.3 | E19: granite_ridge_loss_run_36mo.csv vs granite_ridge_renewal_accounts.csv
A20: GR-2068 | B20: =Account_Routing!D25 -> 21.1 | C20: =Account_Routing!E25 -> 8.8 | D20: =C20-B20 -> -12.3 | E20: granite_ridge_loss_run_36mo.csv vs granite_ridge_renewal_accounts.csv
A21: GR-2071 | B21: =Account_Routing!D26 -> 14.8 | C21: =Account_Routing!E26 -> 9.6 | D21: =C21-B21 -> -5.2 | E21: granite_ridge_loss_run_36mo.csv vs granite_ridge_renewal_accounts.csv
A22: GR-2074 | B22: =Account_Routing!D27 -> 25.3 | C22: =Account_Routing!E27 -> 10.6 | D22: =C22-B22 -> -14.7 | E22: granite_ridge_loss_run_36mo.csv vs granite_ridge_renewal_accounts.csv
A23: GR-2077 | B23: =Account_Routing!D28 -> 15.5 | C23: =Account_Routing!E28 -> 25.5 | D23: =C23-B23 -> 10 | E23: granite_ridge_loss_run_36mo.csv vs granite_ridge_renewal_accounts.csv
A24: GR-2083 | B24: =Account_Routing!D30 -> 28.4 | C24: =Account_Routing!E30 -> 10.3 | D24: =C24-B24 -> -18.1 | E24: granite_ridge_loss_run_36mo.csv vs granite_ridge_renewal_accounts.csv
A25: GR-2086 | B25: =Account_Routing!D31 -> 16.1 | C25: =Account_Routing!E31 -> 27.1 | D25: =C25-B25 -> 11 | E25: granite_ridge_loss_run_36mo.csv vs granite_ridge_renewal_accounts.csv
A26: GR-2089 | B26: =Account_Routing!D32 -> 24.7 | C26: =Account_Routing!E32 -> 14 | D26: =C26-B26 -> -10.7 | E26: granite_ridge_loss_run_36mo.csv vs granite_ridge_renewal_accounts.csv
A27: GR-2092 | B27: =Account_Routing!D33 -> 16 | C27: =Account_Routing!E33 -> 25.4 | D27: =C27-B27 -> 9.4 | E27: granite_ridge_loss_run_36mo.csv vs granite_ridge_renewal_accounts.csv
A28: GR-2113 | B28: =Account_Routing!D34 -> 28.4 | C28: =Account_Routing!E34 -> 16.5 | D28: =C28-B28 -> -11.9 | E28: granite_ridge_loss_run_36mo.csv vs granite_ridge_renewal_accounts.csv
A29: GR-2162 | B29: =Account_Routing!D35 -> 31.8 | C29: =Account_Routing!E35 -> 67.5 | D29: =C29-B29 -> 35.7 | E29: granite_ridge_loss_run_36mo.csv vs granite_ridge_renewal_accounts.csv
A30: GR-2195 | B30: =Account_Routing!D36 -> 48.2 | C30: =Account_Routing!E36 -> 292.3 | D30: =C30-B30 -> 244.1 | E30: granite_ridge_loss_run_36mo.csv vs granite_ridge_renewal_accounts.csv
A31: GR-2200 | B31: =Account_Routing!D37 -> 26.3 | C31: =Account_Routing!E37 -> 16.6 | D31: =C31-B31 -> -9.7 | E31: granite_ridge_loss_run_36mo.csv vs granite_ridge_renewal_accounts.csv

Sheet Rules_Citations
A1: rule_topic | B1: section | C1: source_file
A2: Loss ratio decline/refer thresholds | B2: Section 3 | C2: granite_ridge_routing_notes.txt
A3: Single-location incurred referral | B3: Section 3 | C3: granite_ridge_routing_notes.txt
A4: Unit count reconciliation tolerance | B4: Section 4 | C4: granite_ridge_routing_notes.txt
A5: TIV reconciliation tolerance | B5: Section 4 | C5: granite_ridge_routing_notes.txt
A6: Life-safety inspection lapse referral | B6: Section 5 | C6: granite_ridge_routing_notes.txt
A7: Pool remediation referral | B7: Section 5 | C7: granite_ridge_routing_notes.txt
A8: Subsidized housing endorsement requirement | B8: Section 6 | C8: granite_ridge_routing_notes.txt
A9: Vacancy broker confirmation | B9: Section 6 | C9: granite_ridge_routing_notes.txt
A10: Cat loss exclusion from attritional LR | B10: Section 9 | C10: granite_ridge_routing_notes.txt
A11: Student housing appetite note — submit GRP-APPETITE before bind | B11: Section 10 | C11: granite_ridge_routing_notes.txt

Sheet Account_Source
A1: account_id | B1: named_insured | C1: expiring_premium | D1: list_loss_ratio
A2: GR-2001 | B2: Ashland Court Apts LP | C2: 55299.51 | D2: 25.9
A3: GR-2004 | B3: Berwyn Arms LLC | C3: 75553.66 | D3: 12.8
A4: GR-2007 | B4: Campus Edge Housing Co. | C4: 67915.72 | D4: 17.9
A5: GR-2010 | B5: Damen Square Residences | C5: 87072.61 | D5: 17.1
A6: GR-2013 | B6: Eastgate Manor LLC | C6: 55911.94 | D6: 20.5
A7: GR-2016 | B7: Fairmount Village Apts | C7: 67173.6 | D7: 30.2
A8: GR-2018 | B8: Glenwood Terrace LLC | C8: 54820 | D8: 18.6
A9: GR-2021 | B9: Halsted Walkup Partners | C9: 69181.2 | D9: 26.8
A10: GR-2024 | B10: Irving Park Rentals Inc | C10: 67304.53 | D10: 17.4
A11: GR-2027 | B11: Jefferson Grove MF LLC | C11: 53257.33 | D11: 21.6
A12: GR-2030 | B12: Kenwood Station Apts | C12: 62730.46 | D12: 21.9
A13: GR-2033 | B13: Lincolnwood Place LLC | C13: 52180 | D13: 19.2
... A37: GR-2200 | B37: Indiana Ave Partners LLC | C37: 82603.3 | D37: 26.3

Sheet Loss_Run
A1: loss_id | B1: account_id | C1: location_id | D1: paid_amount | E1: reserved_amount | F1: cat_code | G1: total_incurred
A2: LR-0001 | B2: GR-2001 | C2: HAB-2001-A | D2: 6258.27 | E2: 0 | G2: =D2+E2 -> 6258.27
A3: LR-0002 | B3: GR-2004 | C3: HAB-2004-A | D3: 19135.01 | E3: 797.29 | G3: =D3+E3 -> 19932.3
A4: LR-0003 | B4: GR-2007 | C4: HAB-2007-A | D4: 8252.05 | E4: 1019.92 | G4: =D4+E4 -> 9271.97
A5: LR-0004 | B5: GR-2010 | C5: HAB-2010-A | D5: 4321.54 | E5: 948.63 | G5: =D5+E5 -> 5270.17
A6: LR-0005 | B6: GR-2013 | C6: HAB-2013-A | D6: 7327.91 | E6: 5092.28 | G6: =D6+E6 -> 12420.19
A7: LR-0006 | B7: GR-2016 | C7: HAB-2016-A | D7: 5117.35 | E7: 7066.81 | G7: =D7+E7 -> 12184.16
A8: LR-0007 | B8: GR-2018 | C8: HAB-2018-A | D8: 4860 | E8: 540 | G8: =D8+E8 -> 5400
A9: LR-0008 | B9: GR-2021 | C9: HAB-2021-A | D9: 3187.5 | E9: 8196.43 | G9: =D9+E9 -> 11383.93
A10: LR-0009 | B10: GR-2024 | C10: HAB-2024-A | D10: 18627.93 | E10: 0 | G10: =D10+E10 -> 18627.93
A11: LR-0010 | B11: GR-2027 | C11: HAB-2027-A | D11: 5943.03 | E11: 247.63 | G11: =D11+E11 -> 6190.66
A12: LR-0011 | B12: GR-2030 | C12: HAB-2030-A | D12: 5249.75 | E12: 648.85 | G12: =D12+E12 -> 5898.6
A13: LR-0012 | B13: GR-2033 | C13: HAB-2033-B | D13: 6120 | E13: 0 | G13: =D13+E13 -> 6120
... A42: LR-0041 | B42: GR-2200 | C42: HAB-2200-A | D42: 13137.04 | E42: 547.38 | G42: =D42+E42 -> 13684.42
A43: LR-0042 | B43: GR-2071 | C43: HAB-2071-A | D43: 284600 | E43: 0 | F43: CAT-2408 | G43: =D43+E43 -> 284600
