Workbook

Sheet AR_Settlement
A1: Northline Industrial Holdings: Appendix A AR settlement
A2: As of 2026-08-31 | Wire cycle 2026-09-03 | Governing: intercompany_cutoff_and_fx_memo.txt
A4: Invoice ID | B4: Counterparty | C4: Invoice date | D4: Currency | E4: Local / source USD | F4: USD amount | G4: Status | H4: Include | I4: Reason | J4: Source
A5: INV-AR-8841 | B5: Northline Canada Ltd | C5: 2026-08-27 | D5: USD | E5: 185420.18 | F5: =E5 -> 185420.18 | G5: InTransit | H5: Yes | I5: Appendix A (≥$35,000.00 + InTransit); FOB ship_date on/before Aug 31; AP not booked yet | J5: northline-industrial-holdings_ar_subledger.csv + intercompany_cutoff_and_fx_memo.txt §2–3
A6: INV-AR-8790 | B6: Northline Canada Ltd | C6: 2026-08-11 | D6: USD | E6: 92880.4 | F6: =E6 -> 92880.4 | G6: Open | H6: Yes | I6: Appendix A (≥$35,000.00 + Open); matched AP present | J6: northline-industrial-holdings_ar_subledger.csv + intercompany_cutoff_and_fx_memo.txt §2
A7: INV-AR-8766 | B7: Northline Canada Ltd | C7: 2026-07-15 | D7: USD | E7: 41220.18 | F7: =E7 -> 41220.18 | G7: Open | H7: Yes | I7: Appendix A (≥$35,000.00 + Open); management fee | J7: northline-industrial-holdings_ar_subledger.csv + intercompany_cutoff_and_fx_memo.txt §2
A8: INV-AR-8812 | B8: Northline Mexico SA de CV | C8: 2026-08-14 | D8: USD | E8: 64220.55 | F8: =E8 -> 64220.55 | G8: Open | H8: Yes | I8: Appendix A (≥$35,000.00 + Open); matched AP present | J8: northline-industrial-holdings_ar_subledger.csv + intercompany_cutoff_and_fx_memo.txt §2
A9: INV-AR-8855 | B9: Northline Mexico SA de CV | C9: 2026-08-28 | D9: USD | E9: 128440 | F9: =E9 -> 128440 | G9: InTransit | H9: Yes | I9: Appendix A (≥$35,000.00 + InTransit); FOB ship_date on/before Aug 31; AP not booked yet | J9: northline-industrial-holdings_ar_subledger.csv + intercompany_cutoff_and_fx_memo.txt §2–3
A10: INV-AR-8688 | B10: Northline Mexico SA de CV | C10: 2026-08-04 | D10: USD | E10: 38820.4 | F10: =E10 -> 38820.4 | G10: Open | H10: Yes | I10: Appendix A (≥$35,000.00 + Open); matched AP present | J10: northline-industrial-holdings_ar_subledger.csv + intercompany_cutoff_and_fx_memo.txt §2
A11: INV-AR-8820 | B11: Northline Canada Ltd | C11: 2026-08-19 | D11: USD | E11: 15500 | F11: =E11 -> 15500 | G11: Void | H11: No | I11: Void status — exclude from settlement (discovered on AR status_flag) | J11: northline-industrial-holdings_ar_subledger.csv + intercompany_cutoff_and_fx_memo.txt §6
A13: Canada Appendix A AR (Include=Yes) | F13: =SUMIFS(F5:F11,B5:B11,"Northline Canada Ltd",H5:H11,"Yes") -> 319520.76
A14: Mexico Appendix A AR (Include=Yes) | F14: =SUMIFS(F5:F11,B5:B11,"Northline Mexico SA de CV",H5:H11,"Yes") -> 231480.95
A15: Total Appendix A AR settlement USD | F15: =F13+F14 -> 551001.71
A16: Appendix A rule: Open/InTransit + amount_usd ≥ $35,000.00 (memo §2). Control: Canada 319,520.76 | Mexico 231,480.95
A17: Discovered InTransit kept per FOB §3: INV-AR-8841, INV-AR-8855 | Void excluded §6: INV-AR-8820 | Source: northline-industrial-holdings_ar_subledger.csv + intercompany_cutoff_and_fx_memo.txt

Sheet AP_FX_TieOut
A1: Affiliate AP FX tie-out (memo August 31 rates)
A2: Memo CAD 1.3724 / MXN 18.58 per USD | AP-C-441 booked 1.368 revalued at memo | Governing: intercompany_cutoff_and_fx_memo.txt §4–5
A4: AP ID | B4: Parent invoice | C4: Counterparty | D4: Local amount | E4: CCY | F4: Booked FX | G4: Memo FX | H4: USD @ booked | I4: USD @ memo | J4: Parent AR USD | K4: FX difference | L4: Include | M4: Tie-out status | N4: Notes
A5: AP-C-441 | B5: INV-AR-8790 | C5: Northline Canada Ltd | D5: 127060.39 | E5: CAD | F5: 1.368 | G5: 1.3724 | H5: =IF(F5=0,0,D5/F5) -> 92880.4 | I5: =IF(G5=0,0,D5/G5) -> 92582.62 | J5: 92880.4 | K5: =IF(L5="Yes",J5-I5,0) -> 297.78 | L5: Yes | M5: Revalued | N5: Stale July booking rate; memo §5 requires revalue at 1.3724
A6: AP-C-442 | B6: INV-AR-8766 | C6: Northline Canada Ltd | D6: 56570.58 | E6: CAD | F6: 1.3724 | G6: 1.3724 | H6: =IF(F6=0,0,D6/F6) -> 41220.18 | I6: =IF(G6=0,0,D6/G6) -> 41220.18 | J6: 41220.18 | K6: =IF(L6="Yes",J6-I6,0) -> 0 | L6: Yes | M6: Tied | N6: Matched INV-AR-8766 at memo rate
A7: AP-C-448 | B7: INV-AR-8790 | C7: Northline Canada Ltd | D7: 127060.39 | E7: CAD | F7: 1.368 | G7: 1.3724 | H7: =IF(F7=0,0,D7/F7) -> 92880.4 | I7: =IF(G7=0,0,D7/G7) -> 92582.62 | J7: 92880.4 | K7: =IF(L7="Yes",J7-I7,0) -> 0 | L7: No | M7: Excluded — void duplicate | N7: Void duplicate of AP-C-441; do not settle
A8: AP-C-455 | C8: Northline Canada Ltd | D8: 22840.55 | E8: CAD | F8: 1.3724 | G8: 1.3724 | H8: =IF(F8=0,0,D8/F8) -> 16642.78 | I8: =IF(G8=0,0,D8/G8) -> 16642.78 | J8: 0 | K8: =IF(L8="Yes",J8-I8,0) -> 0 | L8: No | M8: Excluded — orphan | N8: No parent_invoice_ref; local reclass only
A9: AP-M-210 | B9: INV-AR-8812 | C9: Northline Mexico SA de CV | D9: 1193217.8 | E9: MXN | F9: 18.58 | G9: 18.58 | H9: =IF(F9=0,0,D9/F9) -> 64220.55 | I9: =IF(G9=0,0,D9/G9) -> 64220.55 | J9: 64220.55 | K9: =IF(L9="Yes",J9-I9,0) -> 0 | L9: Yes | M9: Tied | N9: Matched INV-AR-8812
A10: AP-M-205 | B10: INV-AR-8688 | C10: Northline Mexico SA de CV | D10: 721283.03 | E10: MXN | F10: 18.58 | G10: 18.58 | H10: =IF(F10=0,0,D10/F10) -> 38820.4 | I10: =IF(G10=0,0,D10/G10) -> 38820.4 | J10: 38820.4 | K10: =IF(L10="Yes",J10-I10,0) -> 0 | L10: Yes | M10: Tied | N10: Matched INV-AR-8688
A12: (none) | B12: INV-AR-8841 | C12: Northline Canada Ltd | L12: n/a | M12: No AP — InTransit | N12: FOB shipping point; AP expected on receipt — intercompany_cutoff_and_fx_memo.txt §3
A13: (none) | B13: INV-AR-8855 | C13: Northline Mexico SA de CV | L13: n/a | M13: No AP — InTransit | N13: FOB shipping point; AP expected on receipt — intercompany_cutoff_and_fx_memo.txt §3
A15: Canada matched AP USD @ memo (Include=Yes) | I15: =SUMIFS(I5:I10,C5:C10,"Northline Canada Ltd",L5:L10,"Yes") -> 133802.8
A16: Mexico matched AP USD @ memo (Include=Yes) | I16: =SUMIFS(I5:I10,C5:C10,"Northline Mexico SA de CV",L5:L10,"Yes") -> 103040.95
A17: Canada FX difference on matched pairs | K17: =SUMIFS(K5:K10,C5:C10,"Northline Canada Ltd",L5:L10,"Yes") -> 297.78
A18: AP-C-441 FX difference (parent AR − memo USD) | K18: =K5 -> 297.78
A19: Memo governs: do not use booked 1.3680 for AP-C-441 tie-out

Sheet Exceptions
A1: Exception log: discovered from AR/AP ledgers under memo rules
A2: Governing memo: intercompany_cutoff_and_fx_memo.txt (rules only — exception IDs discovered in northline-industrial-holdings_ar_subledger.csv / northline-industrial-holdings_ap_mirror.csv)
A3: Memo §6 documentation fields: record ID | counterparty | exception type | source fact | governing memo rule | treatment | settlement impact
A4: Record ID | B4: Counterparty | C4: Exception type | D4: Source fact | E4: Governing memo rule | F4: Treatment | G4: Settlement impact | H4: Settlement include
A5: INV-AR-8841 | B5: Northline Canada Ltd | C5: InTransit / cut-off | D5: status_flag=InTransit; ship_date 2026-08-28; no AP parent_invoice_ref | E5: intercompany_cutoff_and_fx_memo.txt §2–3 / §6 test 7 (FOB; missing AP expected, not orphan) | F5: Include in Canada AR settlement; no AP expected for Sep 3 wire | G5: Include $185,420.18 in Canada wire | H5: Yes
A6: INV-AR-8855 | B6: Northline Mexico SA de CV | C6: InTransit / cut-off | D6: status_flag=InTransit; ship_date 2026-08-29; no AP parent_invoice_ref | E6: intercompany_cutoff_and_fx_memo.txt §2–3 / §6 test 7 (FOB; missing AP expected, not orphan) | F6: Include in Mexico AR settlement; no AP expected for Sep 3 wire | G6: Include $128,440.00 in Mexico wire | H6: Yes
A7: INV-AR-8820 | B7: Northline Canada Ltd | C7: Void AR | D7: status_flag=Void on AR subledger | E7: intercompany_cutoff_and_fx_memo.txt §6 test 1 (void AR never settled) | F7: Exclude from AR settlement and wire | G7: Exclude $15,500.00 from Canada wire | H7: No
A8: AP-C-448 | B8: Northline Canada Ltd | C8: Void / duplicate AP | D8: status_flag=Void; same parent_invoice_ref/amount as Open AP-C-441 | E8: intercompany_cutoff_and_fx_memo.txt §6 tests 2–3 (void AP excluded; duplicate retains Open payable) | F8: Exclude from Canada AP tie-out and wire | G8: No wire; omit from matched AP USD | H8: No
A9: AP-C-455 | B9: Northline Canada Ltd | C9: Orphan AP | D9: status_flag=Open; blank parent_invoice_ref | E9: intercompany_cutoff_and_fx_memo.txt §6 test 4 (orphan AP excluded / local reclass) | F9: Exclude from Canada settlement net; route to entity controllers | G9: Do not wire ~$16,642.78 memo USD | H9: No
A10: AP-C-441 | B10: Northline Canada Ltd | C10: Stale FX booking | D10: fx_rate_used=1.368 vs memo CAD 1.3724; parent INV-AR-8790 | E10: intercompany_cutoff_and_fx_memo.txt §4–5 (revalue stale fx_rate_used; parent USD governs wire) | F10: Revalue at memo 1.3724 for tie-out; wire remains parent AR USD | G10: FX difference $297.78; wire still $92,880.40 | H10: Yes
A12: AP-C-441 FX difference (USD) | B12: =AP_FX_TieOut!K5 -> 297.78 | C12: Parent INV-AR-8790 USD minus AP revalued at memo CAD rate
A13: Orphan CAD at memo (info only - not wired) | B13: 16642.78

Sheet Section6_Tests
A1: Memo §6 exception criteria — independent tests
A2: Source: intercompany_cutoff_and_fx_memo.txt §6 | Evaluated against northline-industrial-holdings_ar_subledger.csv / northline-industrial-holdings_ap_mirror.csv fields (not collapsed into a four-category summary)
A4: Test # | B4: Section 6 criterion | C4: Source field(s) | D4: Observed condition | E4: Result | F4: Treatment | G4: Record ID
A5: 1 | B5: Void AR: status_flag Void excluded from settlement and Sep 3 wire | C5: AR status_flag | D5: INV-AR-8820 status_flag=Void | E5: FAIL (exception) | F5: Exclude from AR settlement / wire | G5: INV-AR-8820
A6: 2 | B6: Void AP: status_flag Void excluded from AP FX tie-out and not wired | C6: AP status_flag | D6: AP-C-448 status_flag=Void | E6: FAIL (exception) | F6: Exclude from AP tie-out / wire | G6: AP-C-448
A7: 3 | B7: Duplicate AP: same parent_invoice_ref with Void sibling — exclude Void, retain Open | C7: AP parent_invoice_ref; status_flag | D7: AP-C-448 and AP-C-441 both reference INV-AR-8790; AP-C-448 Void / AP-C-441 Open | E7: FAIL (exception on Void) | F7: Exclude Void duplicate; retain Open AP-C-441 for tie-out | G7: AP-C-448
A8: 4 | B8: Orphan AP: Open AP with blank parent_invoice_ref excluded; local reclass | C8: AP status_flag; parent_invoice_ref | D8: AP-C-455 Open with blank parent_invoice_ref | E8: FAIL (exception) | F8: Exclude from settlement net; route to entity controllers | G8: AP-C-455
A9: 5 | B9: Matched AP only: FX tie-out includes only Open (non-void, non-orphan) AP | C9: AP status_flag; Include flag | D9: AP-C-441/442 and AP-M-210/205 Open+Include=Yes; void/orphan Include=No | E9: PASS | F9: Matched Open AP enter tie-out; void/orphan do not | G9: AP-C-441; AP-C-442; AP-M-210; AP-M-205
A10: 6 | B10: Matched AP only: parent_invoice_ref equals an Appendix A AR included in settlement | C10: AP parent_invoice_ref; AR Include | D10: Matched refs INV-AR-8790/8766/8812/8688 are Appendix A Include=Yes | E10: PASS | F10: Only Appendix A parent refs enter matched AP set | G10: AP-C-441; AP-C-442; AP-M-210; AP-M-205
A11: 7 | B11: InTransit missing AP is expected and is not an orphan | C11: AR status_flag; AP parent_invoice_ref absence | D11: INV-AR-8841 / INV-AR-8855 InTransit; no matching AP parent_invoice_ref | E11: PASS (expected gap) | F11: Keep InTransit AR in settlement; do not classify as orphan AP | G11: INV-AR-8841; INV-AR-8855
A13: §6 tests evaluated (count) | B13: =COUNTA(A5:A11) -> 7
A14: Required §6 test count | B14: 7
A15: All seven §6 tests present | B15: =IF(B13=B14,"PASS","FAIL") -> PASS

Sheet Consistency
A1: Exception self-consistency control
A2: Compares AR/AP Include flags, Exceptions treatment, and settlement inclusion. FAIL if a row is both settlement-included and exception-excluded, or vice versa.
A4: Record ID | B4: Source sheet Include | C4: Exceptions settlement include | D4: Aligned? | E4: Control note
A5: INV-AR-8841 | B5: =AR_Settlement!H5 -> Yes | C5: =Exceptions!H5 -> Yes | D5: =IF(B5=C5,"PASS","FAIL") -> PASS | E5: InTransit kept in settlement
A6: INV-AR-8855 | B6: =AR_Settlement!H9 -> Yes | C6: =Exceptions!H6 -> Yes | D6: =IF(B6=C6,"PASS","FAIL") -> PASS | E6: InTransit kept in settlement
A7: INV-AR-8820 | B7: =AR_Settlement!H11 -> No | C7: =Exceptions!H7 -> No | D7: =IF(B7=C7,"PASS","FAIL") -> PASS | E7: Void AR excluded both places
A8: AP-C-448 | B8: =AP_FX_TieOut!L7 -> No | C8: =Exceptions!H8 -> No | D8: =IF(B8=C8,"PASS","FAIL") -> PASS | E8: Void duplicate excluded both places
A9: AP-C-455 | B9: =AP_FX_TieOut!L8 -> No | C9: =Exceptions!H9 -> No | D9: =IF(B9=C9,"PASS","FAIL") -> PASS | E9: Orphan excluded both places
A10: AP-C-441 | B10: =AP_FX_TieOut!L5 -> Yes | C10: =Exceptions!H10 -> Yes | D10: =IF(B10=C10,"PASS","FAIL") -> PASS | E10: Matched stale FX retained in tie-out
A12: Contradiction count (FAIL rows) | B12: =COUNTIF(D5:D10,"FAIL") -> 0
A13: Self-consistency control | B13: =IF(B12=0,"PASS","FAIL") -> PASS
A14: PASS requires: no Include=Yes row treated as settlement-excluded in Exceptions, and no exception-excluded row still Include=Yes on AR/AP sheets.

Sheet Counterparty_Netting
A1: Counterparty netting: September 3 wire basis
A2: Parent invoice USD governs wires; converted AP is tie-out only (memo §5)
A4: Counterparty | B4: Valid AR USD | C4: Matched AP USD @ memo | D4: FX adjustment | E4: Net settlement USD | F4: Direction | G4: Exception impact
A5: Northline Canada Ltd | B5: =AR_Settlement!F13 -> 319520.76 | C5: =AP_FX_TieOut!I15 -> 133802.8 | D5: =AP_FX_TieOut!K17 -> 297.78 | E5: =B5 -> 319520.76 | F5: Affiliate pays parent | G5: Void AP-C-448 and orphan AP-C-455 excluded; InTransit INV-AR-8841 included
A6: Northline Mexico SA de CV | B6: =AR_Settlement!F14 -> 231480.95 | C6: =AP_FX_TieOut!I16 -> 103040.95 | D6: =(B6-AR_Settlement!F9)-C6 -> 0 | E6: =B6 -> 231480.95 | F6: Affiliate pays parent | G6: InTransit INV-AR-8855 included; no void/orphan on Mexico matched set
A8: Total net settlement / wire instruction USD | E8: =E5+E6 -> 551001.71
A9: Do not wire void INV-AR-8820, void AP-C-448, or orphan AP-C-455.
A10: Control totals: Canada 319,520.76 | Mexico 231,480.95 | Total 551,001.71

Sheet Recommendation
A1: Northline Industrial Holdings: September 3 intercompany settlement recommendation
A2: Balances as of 2026-08-31 | Wire date 2026-09-03 | Citation: intercompany_cutoff_and_fx_memo.txt
A4: Ready to net / wire
A5: Northline Canada Ltd pays parent (Appendix A AR, incl. InTransit INV-AR-8841) | B5: =Counterparty_Netting!E5 -> 319520.76 | C5: Ready to wire
A6: Northline Mexico SA de CV pays parent (Appendix A AR, incl. InTransit INV-AR-8855) | B6: =Counterparty_Netting!E6 -> 231480.95 | C6: Ready to wire
A7: Total USD to collect from affiliates | B7: =B5+B6 -> 551001.71
A9: Exception handling: do not wire
A10: INV-AR-8820 (Void): exclude from Canada wire
A11: AP-C-448 (Void duplicate): exclude from AP tie-out and settlement
A12: AP-C-455 (Orphan): exclude from Canada net; send to entity controllers for local AP reclass
A14: Investigation / tie-out only
A15: AP-C-441 booked at CAD 1.368; revalue at memo 1.3724. FX difference vs INV-AR-8790 is captured on AP_FX_TieOut (approx $297.78). Wire the parent invoice USD, not the converted AP USD.
A17: Controller recommendation
A18: Proceed with the 2026-09-03 sweep collecting Appendix A AR from Canada and Mexico per intercompany_cutoff_and_fx_memo.txt. Keep InTransit INV-AR-8841 and INV-AR-8855 in the population (FOB shipping point). Use August 31 memo FX only to tie out matched AP. Do not instruct treasury to wire voids or the orphan payable. Parent invoice USD amounts govern the wires.

Sheet Notes
A1: Working notes / methodology
A3: 1. intercompany_cutoff_and_fx_memo.txt governs where the AR and AP ledgers conflict, including the applicable cut-off, FX, and exception treatment.
A4: 2. Sources: northline-industrial-holdings_ar_subledger.csv, northline-industrial-holdings_ap_mirror.csv, intercompany_cutoff_and_fx_memo.txt.
A5: 3. Appendix A discovered from AR attributes (memo §2): Open or InTransit, Canada/Mexico counterparty, amount_usd ≥ $35,000.00 → INV-AR-8841/8790/8766/8812/8855/8688.
A6: 4. FOB shipping-point (memo §3): InTransit Appendix A rows INV-AR-8841 and INV-AR-8855 stay in settlement even though affiliate AP is not booked yet.
A7: 5. August 31 FX (memo §4–5): CAD 1.3724, MXN 18.58 per USD. Stale booking AP-C-441 (fx_rate_used 1.368) revalued at memo; parent invoice USD still governs the wire.
A8: 6. Tie-out conversion: USD = local amount / (foreign units per 1 USD).
A9: 7. Memo §6 seven tests applied independently on Section6_Tests: void AR; void AP; duplicate AP; orphan AP; matched Open-only; matched parent_invoice_ref=Appendix A; InTransit missing AP not orphan.
A10: 8. Consistency sheet confirms Include flags align with Exceptions settlement treatment.
A11: 9. Totals and FX differences are formula-linked to the AR_Settlement and AP_FX_TieOut rows.
